model,layer,trial,sample_role,rows,inner,cols,bw,qbits,noise,ole_n,ring_batches,p0_ring_oles,p1_ring_oles,p0_dpf_trees,p1_dpf_trees,p0_public_a_seed_words,p1_public_a_seed_words,p0_protocol_bytes,p1_protocol_bytes,p0_total_us,p1_total_us,p0_record_bytes,p1_record_bytes,final_payload_bytes_per_party,matched_dealer_keygen_us,checker_two_share_online_us,matched_dealer_keygen_contract,key_order,unchanged_online,status,schema_version,publication_date,manifest_sha256,workload_manifest_sha256,model_order,source_layer,linear_order,forward_order,operator,source_anchor,source_text_sha256,batch_source_anchor,batch,layout,ole_c,ole_t,workload,retained,support_status,truncation_status,gap,stock_gpuKeygenMatmul_two_party_sequential_us,unchanged_gpuMatmulBeaver_two_share_sequential_us,p0_record_sha256,p1_record_sha256,p0_stdout_sha256,p1_stdout_sha256,checker_stdout_sha256,ring_application_slots,ring_bootstrap_slots,p0_dpf_epoch_zero_scalar_oles,p1_dpf_epoch_zero_scalar_oles,p0_dpf_pcg_scalar_oles,p1_dpf_pcg_scalar_oles,p0_dpf_pcg_oles_reserved,p1_dpf_pcg_oles_reserved,p0_dpf_pcg_oles_discarded,p1_dpf_pcg_oles_discarded,p0_dpf_pcg_opening_words_sent,p1_dpf_pcg_opening_words_sent,p0_ring_application_slots_discarded,p1_ring_application_slots_discarded,p0_protocol_dependency_rounds,p1_protocol_dependency_rounds,p0_preflight_us,p1_preflight_us,p0_ot_setup_us,p1_ot_setup_us,p0_dpf_phase_a_us,p1_dpf_phase_a_us,p0_dpf_phase_b_us,p1_dpf_phase_b_us,p0_dpf_phase_c_us,p1_dpf_phase_c_us,p0_spfss_grouping_us,p1_spfss_grouping_us,p0_public_polynomial_exchange_us,p1_public_polynomial_exchange_us,p0_gpu_ringlpn_expansion_us,p1_gpu_ringlpn_expansion_us,p0_derandomization_openings_us,p1_derandomization_openings_us,p0_conversion_us,p1_conversion_us,p0_serialization_us,p1_serialization_us,p0_commit_us,p1_commit_us,p0_peak_host_rss_bytes,p1_peak_host_rss_bytes,p0_peak_gpu_bytes,p1_peak_gpu_bytes,p0_min_gpu_free_bytes,p1_min_gpu_free_bytes,p0_transport_straight_bytes_sent,p1_transport_straight_bytes_sent,p0_transport_straight_bytes_received,p1_transport_straight_bytes_received,p0_transport_reversed_bytes_sent,p1_transport_reversed_bytes_sent,p0_transport_reversed_bytes_received,p1_transport_reversed_bytes_received,p0_base_ots,p1_base_ots,p0_base_ot_setup_bytes_sent,p1_base_ot_setup_bytes_sent,p0_base_ot_setup_bytes_received,p1_base_ot_setup_bytes_received,p0_transport_bytes_include_base_ot,p1_transport_bytes_include_base_ot,p0_base_ot_setup_dependency_rounds,p1_base_ot_setup_dependency_rounds,checker_us,checker_peak_host_rss_bytes,checker_peak_gpu_bytes,checker_min_gpu_free_bytes,invocation_id,ledger_digest,p0_ot_backend,p1_ot_backend,p0_ot_backend_revision,p1_ot_backend_revision,p0_ot_correlation_straight_bytes_sent,p1_ot_correlation_straight_bytes_sent,p0_ot_correlation_straight_bytes_received,p1_ot_correlation_straight_bytes_received,p0_ot_correlation_reversed_bytes_sent,p1_ot_correlation_reversed_bytes_sent,p0_ot_correlation_reversed_bytes_received,p1_ot_correlation_reversed_bytes_received,p0_ot_adjustment_bytes_sent,p1_ot_adjustment_bytes_sent,p0_ot_adjustment_bytes_received,p1_ot_adjustment_bytes_received,p0_ot_ciphertext_bytes_sent,p1_ot_ciphertext_bytes_sent,p0_ot_ciphertext_bytes_received,p1_ot_ciphertext_bytes_received,p0_ot_inventory_straight_declared,p1_ot_inventory_straight_declared,p0_ot_inventory_straight_consumed,p1_ot_inventory_straight_consumed,p0_ot_inventory_reversed_declared,p1_ot_inventory_reversed_declared,p0_ot_inventory_reversed_consumed,p1_ot_inventory_reversed_consumed,p0_ot_backend_review_status,p1_ot_backend_review_status,p0_channel_auth_straight_bytes_sent,p1_channel_auth_straight_bytes_sent,p0_channel_auth_straight_bytes_received,p1_channel_auth_straight_bytes_received,p0_channel_auth_reversed_bytes_sent,p1_channel_auth_reversed_bytes_sent,p0_channel_auth_reversed_bytes_received,p1_channel_auth_reversed_bytes_received,p0_ot_backend_bridge_sha256,p1_ot_backend_bridge_sha256,p0_dpf_breadth_evaluator_calls,p1_dpf_breadth_evaluator_calls,p0_dpf_root_to_leaf_evaluator_calls,p1_dpf_root_to_leaf_evaluator_calls,binary_sha256,environment_sha256,result_schema_sha256
ResNet18,conv0,-1,coverage,12544,147,64,32,128,regular,8192,,,,,,,,,,,,,,,,,,,,unsupported,ringlpn.two-party-fc-model-scale.v6,2026-08-10,6bd5e24f5e18eb744458d4aaf86d42a823857bc134ac1d4be25c95d49cf3c984,718570af4bf7afa523d029dfddcf0f3dae9e554c9c6e26b744999df193956f72,7,conv0,1,0,conv2d,GPU-MPC/experiments/orca/cnn.h:442,822d76e91df387becc40ded8c3b0ac104ad43e1f9f40c1207aef5b1133da6144,GPU-MPC/experiments/orca/orca_inference.cu:47-50,1,NHWC/KRSC/NHWC,2,8,classifier,no,source_present_unvalidated,unsupported,generalized stock-I/F/O source path is present but has no dated validated result evidence and no truncation/state handoff,,,,,,,,,,,,,,,,,,,,,,,,,,,,,,,,,,,,,,,,,,,,,,,,,,,,,,,,,,,,,,,,,,,,,,,,,,,,,,,,,,,,,,,,,,,,,,,,,,,,,,,,,,,,,,,,,,,,,,,,,,02eaaac9740fde6370cacb7703a965e4785f483da23c2d9795424acd326a0bee,bd996e4e987479a9925d49936e70723a3d789fdb77f343a02ee6ccbaf1cff2f7,fb519e51c5e427da315ba5660588f239fd9381a3a6ce299464a50a042d7b9e43
ResNet18,conv3,-1,coverage,3136,576,64,32,128,regular,8192,,,,,,,,,,,,,,,,,,,,unsupported,ringlpn.two-party-fc-model-scale.v6,2026-08-10,6bd5e24f5e18eb744458d4aaf86d42a823857bc134ac1d4be25c95d49cf3c984,718570af4bf7afa523d029dfddcf0f3dae9e554c9c6e26b744999df193956f72,7,conv3,2,3,conv2d,GPU-MPC/experiments/orca/cnn.h:445,b9e0646f0d9397e44c1c50994ce3d33d785951e2948926294129e721d536eaae,GPU-MPC/experiments/orca/orca_inference.cu:47-50,1,NHWC/KRSC/NHWC,2,8,classifier,no,source_present_unvalidated,unsupported,generalized stock-I/F/O source path is present but has no dated validated result evidence and no truncation/state handoff,,,,,,,,,,,,,,,,,,,,,,,,,,,,,,,,,,,,,,,,,,,,,,,,,,,,,,,,,,,,,,,,,,,,,,,,,,,,,,,,,,,,,,,,,,,,,,,,,,,,,,,,,,,,,,,,,,,,,,,,,,02eaaac9740fde6370cacb7703a965e4785f483da23c2d9795424acd326a0bee,bd996e4e987479a9925d49936e70723a3d789fdb77f343a02ee6ccbaf1cff2f7,fb519e51c5e427da315ba5660588f239fd9381a3a6ce299464a50a042d7b9e43
ResNet18,conv5,-1,coverage,3136,576,64,32,128,regular,8192,,,,,,,,,,,,,,,,,,,,unsupported,ringlpn.two-party-fc-model-scale.v6,2026-08-10,6bd5e24f5e18eb744458d4aaf86d42a823857bc134ac1d4be25c95d49cf3c984,718570af4bf7afa523d029dfddcf0f3dae9e554c9c6e26b744999df193956f72,7,conv5,3,5,conv2d,GPU-MPC/experiments/orca/cnn.h:447,558022dd21824d39148670074bdda18629630f3c84c766f0c1661fea5ca0d22a,GPU-MPC/experiments/orca/orca_inference.cu:47-50,1,NHWC/KRSC/NHWC,2,8,classifier,no,source_present_unvalidated,unsupported,generalized stock-I/F/O source path is present but has no dated validated result evidence and no truncation/state handoff,,,,,,,,,,,,,,,,,,,,,,,,,,,,,,,,,,,,,,,,,,,,,,,,,,,,,,,,,,,,,,,,,,,,,,,,,,,,,,,,,,,,,,,,,,,,,,,,,,,,,,,,,,,,,,,,,,,,,,,,,,02eaaac9740fde6370cacb7703a965e4785f483da23c2d9795424acd326a0bee,bd996e4e987479a9925d49936e70723a3d789fdb77f343a02ee6ccbaf1cff2f7,fb519e51c5e427da315ba5660588f239fd9381a3a6ce299464a50a042d7b9e43
ResNet18,conv8,-1,coverage,3136,576,64,32,128,regular,8192,,,,,,,,,,,,,,,,,,,,unsupported,ringlpn.two-party-fc-model-scale.v6,2026-08-10,6bd5e24f5e18eb744458d4aaf86d42a823857bc134ac1d4be25c95d49cf3c984,718570af4bf7afa523d029dfddcf0f3dae9e554c9c6e26b744999df193956f72,7,conv8,4,8,conv2d,GPU-MPC/experiments/orca/cnn.h:449,e411231651ac6cc37fc7f65a04a32bbcbbe1a5623fa977959a898887616824e2,GPU-MPC/experiments/orca/orca_inference.cu:47-50,1,NHWC/KRSC/NHWC,2,8,classifier,no,source_present_unvalidated,unsupported,generalized stock-I/F/O source path is present but has no dated validated result evidence and no truncation/state handoff,,,,,,,,,,,,,,,,,,,,,,,,,,,,,,,,,,,,,,,,,,,,,,,,,,,,,,,,,,,,,,,,,,,,,,,,,,,,,,,,,,,,,,,,,,,,,,,,,,,,,,,,,,,,,,,,,,,,,,,,,,02eaaac9740fde6370cacb7703a965e4785f483da23c2d9795424acd326a0bee,bd996e4e987479a9925d49936e70723a3d789fdb77f343a02ee6ccbaf1cff2f7,fb519e51c5e427da315ba5660588f239fd9381a3a6ce299464a50a042d7b9e43
ResNet18,conv10,-1,coverage,3136,576,64,32,128,regular,8192,,,,,,,,,,,,,,,,,,,,unsupported,ringlpn.two-party-fc-model-scale.v6,2026-08-10,6bd5e24f5e18eb744458d4aaf86d42a823857bc134ac1d4be25c95d49cf3c984,718570af4bf7afa523d029dfddcf0f3dae9e554c9c6e26b744999df193956f72,7,conv10,5,10,conv2d,GPU-MPC/experiments/orca/cnn.h:451,67035c0562c9cf5fd1390d15808497e7c870ea0a9c05560705d3b4c06373ef91,GPU-MPC/experiments/orca/orca_inference.cu:47-50,1,NHWC/KRSC/NHWC,2,8,classifier,no,source_present_unvalidated,unsupported,generalized stock-I/F/O source path is present but has no dated validated result evidence and no truncation/state handoff,,,,,,,,,,,,,,,,,,,,,,,,,,,,,,,,,,,,,,,,,,,,,,,,,,,,,,,,,,,,,,,,,,,,,,,,,,,,,,,,,,,,,,,,,,,,,,,,,,,,,,,,,,,,,,,,,,,,,,,,,,02eaaac9740fde6370cacb7703a965e4785f483da23c2d9795424acd326a0bee,bd996e4e987479a9925d49936e70723a3d789fdb77f343a02ee6ccbaf1cff2f7,fb519e51c5e427da315ba5660588f239fd9381a3a6ce299464a50a042d7b9e43
ResNet18,conv13,-1,coverage,784,576,128,32,128,regular,8192,,,,,,,,,,,,,,,,,,,,unsupported,ringlpn.two-party-fc-model-scale.v6,2026-08-10,6bd5e24f5e18eb744458d4aaf86d42a823857bc134ac1d4be25c95d49cf3c984,718570af4bf7afa523d029dfddcf0f3dae9e554c9c6e26b744999df193956f72,7,conv13,6,13,conv2d,GPU-MPC/experiments/orca/cnn.h:453,d1ccfa43f02df266208d4ec5614421218c1a9828eeb0ca357271a000d56e46aa,GPU-MPC/experiments/orca/orca_inference.cu:47-50,1,NHWC/KRSC/NHWC,2,8,classifier,no,source_present_unvalidated,unsupported,generalized stock-I/F/O source path is present but has no dated validated result evidence and no truncation/state handoff,,,,,,,,,,,,,,,,,,,,,,,,,,,,,,,,,,,,,,,,,,,,,,,,,,,,,,,,,,,,,,,,,,,,,,,,,,,,,,,,,,,,,,,,,,,,,,,,,,,,,,,,,,,,,,,,,,,,,,,,,,02eaaac9740fde6370cacb7703a965e4785f483da23c2d9795424acd326a0bee,bd996e4e987479a9925d49936e70723a3d789fdb77f343a02ee6ccbaf1cff2f7,fb519e51c5e427da315ba5660588f239fd9381a3a6ce299464a50a042d7b9e43
ResNet18,conv15,-1,coverage,784,1152,128,32,128,regular,8192,,,,,,,,,,,,,,,,,,,,unsupported,ringlpn.two-party-fc-model-scale.v6,2026-08-10,6bd5e24f5e18eb744458d4aaf86d42a823857bc134ac1d4be25c95d49cf3c984,718570af4bf7afa523d029dfddcf0f3dae9e554c9c6e26b744999df193956f72,7,conv15,7,15,conv2d,GPU-MPC/experiments/orca/cnn.h:455,291bd49e809b067021740a0a96b4ec88c2ca8fa082af3982098542e58de161ac,GPU-MPC/experiments/orca/orca_inference.cu:47-50,1,NHWC/KRSC/NHWC,2,8,classifier,no,source_present_unvalidated,unsupported,generalized stock-I/F/O source path is present but has no dated validated result evidence and no truncation/state handoff,,,,,,,,,,,,,,,,,,,,,,,,,,,,,,,,,,,,,,,,,,,,,,,,,,,,,,,,,,,,,,,,,,,,,,,,,,,,,,,,,,,,,,,,,,,,,,,,,,,,,,,,,,,,,,,,,,,,,,,,,,02eaaac9740fde6370cacb7703a965e4785f483da23c2d9795424acd326a0bee,bd996e4e987479a9925d49936e70723a3d789fdb77f343a02ee6ccbaf1cff2f7,fb519e51c5e427da315ba5660588f239fd9381a3a6ce299464a50a042d7b9e43
ResNet18,conv16,-1,coverage,784,64,128,32,128,regular,8192,,,,,,,,,,,,,,,,,,,,unsupported,ringlpn.two-party-fc-model-scale.v6,2026-08-10,6bd5e24f5e18eb744458d4aaf86d42a823857bc134ac1d4be25c95d49cf3c984,718570af4bf7afa523d029dfddcf0f3dae9e554c9c6e26b744999df193956f72,7,conv16,8,16,conv2d,GPU-MPC/experiments/orca/cnn.h:456,a6b339383054bb001c5978bef4922cc0662effdbc5b612fb2bc1faea58d6c472,GPU-MPC/experiments/orca/orca_inference.cu:47-50,1,NHWC/KRSC/NHWC,2,8,classifier,no,source_present_unvalidated,unsupported,generalized stock-I/F/O source path is present but has no dated validated result evidence and no truncation/state handoff,,,,,,,,,,,,,,,,,,,,,,,,,,,,,,,,,,,,,,,,,,,,,,,,,,,,,,,,,,,,,,,,,,,,,,,,,,,,,,,,,,,,,,,,,,,,,,,,,,,,,,,,,,,,,,,,,,,,,,,,,,02eaaac9740fde6370cacb7703a965e4785f483da23c2d9795424acd326a0bee,bd996e4e987479a9925d49936e70723a3d789fdb77f343a02ee6ccbaf1cff2f7,fb519e51c5e427da315ba5660588f239fd9381a3a6ce299464a50a042d7b9e43
ResNet18,conv19,-1,coverage,784,1152,128,32,128,regular,8192,,,,,,,,,,,,,,,,,,,,unsupported,ringlpn.two-party-fc-model-scale.v6,2026-08-10,6bd5e24f5e18eb744458d4aaf86d42a823857bc134ac1d4be25c95d49cf3c984,718570af4bf7afa523d029dfddcf0f3dae9e554c9c6e26b744999df193956f72,7,conv19,9,19,conv2d,GPU-MPC/experiments/orca/cnn.h:458,bd0ceadf8bdfc4a2758e3917e96ae3d7885135b344ee1584b404eebbdf6edfbe,GPU-MPC/experiments/orca/orca_inference.cu:47-50,1,NHWC/KRSC/NHWC,2,8,classifier,no,source_present_unvalidated,unsupported,generalized stock-I/F/O source path is present but has no dated validated result evidence and no truncation/state handoff,,,,,,,,,,,,,,,,,,,,,,,,,,,,,,,,,,,,,,,,,,,,,,,,,,,,,,,,,,,,,,,,,,,,,,,,,,,,,,,,,,,,,,,,,,,,,,,,,,,,,,,,,,,,,,,,,,,,,,,,,,02eaaac9740fde6370cacb7703a965e4785f483da23c2d9795424acd326a0bee,bd996e4e987479a9925d49936e70723a3d789fdb77f343a02ee6ccbaf1cff2f7,fb519e51c5e427da315ba5660588f239fd9381a3a6ce299464a50a042d7b9e43
ResNet18,conv21,-1,coverage,784,1152,128,32,128,regular,8192,,,,,,,,,,,,,,,,,,,,unsupported,ringlpn.two-party-fc-model-scale.v6,2026-08-10,6bd5e24f5e18eb744458d4aaf86d42a823857bc134ac1d4be25c95d49cf3c984,718570af4bf7afa523d029dfddcf0f3dae9e554c9c6e26b744999df193956f72,7,conv21,10,21,conv2d,GPU-MPC/experiments/orca/cnn.h:460,d4bc2edeb8ed07aba1fdbb13c42982ce090fc0b03b07bb7b15aef0df28b0f395,GPU-MPC/experiments/orca/orca_inference.cu:47-50,1,NHWC/KRSC/NHWC,2,8,classifier,no,source_present_unvalidated,unsupported,generalized stock-I/F/O source path is present but has no dated validated result evidence and no truncation/state handoff,,,,,,,,,,,,,,,,,,,,,,,,,,,,,,,,,,,,,,,,,,,,,,,,,,,,,,,,,,,,,,,,,,,,,,,,,,,,,,,,,,,,,,,,,,,,,,,,,,,,,,,,,,,,,,,,,,,,,,,,,,02eaaac9740fde6370cacb7703a965e4785f483da23c2d9795424acd326a0bee,bd996e4e987479a9925d49936e70723a3d789fdb77f343a02ee6ccbaf1cff2f7,fb519e51c5e427da315ba5660588f239fd9381a3a6ce299464a50a042d7b9e43
ResNet18,conv24,-1,coverage,196,1152,256,32,128,regular,8192,,,,,,,,,,,,,,,,,,,,unsupported,ringlpn.two-party-fc-model-scale.v6,2026-08-10,6bd5e24f5e18eb744458d4aaf86d42a823857bc134ac1d4be25c95d49cf3c984,718570af4bf7afa523d029dfddcf0f3dae9e554c9c6e26b744999df193956f72,7,conv24,11,24,conv2d,GPU-MPC/experiments/orca/cnn.h:462,64223860129cd4436b5baba569c4298d4a4e57b9477ebee9f79a688ab5f6eaac,GPU-MPC/experiments/orca/orca_inference.cu:47-50,1,NHWC/KRSC/NHWC,2,8,classifier,no,source_present_unvalidated,unsupported,generalized stock-I/F/O source path is present but has no dated validated result evidence and no truncation/state handoff,,,,,,,,,,,,,,,,,,,,,,,,,,,,,,,,,,,,,,,,,,,,,,,,,,,,,,,,,,,,,,,,,,,,,,,,,,,,,,,,,,,,,,,,,,,,,,,,,,,,,,,,,,,,,,,,,,,,,,,,,,02eaaac9740fde6370cacb7703a965e4785f483da23c2d9795424acd326a0bee,bd996e4e987479a9925d49936e70723a3d789fdb77f343a02ee6ccbaf1cff2f7,fb519e51c5e427da315ba5660588f239fd9381a3a6ce299464a50a042d7b9e43
ResNet18,conv26,-1,coverage,196,2304,256,32,128,regular,8192,,,,,,,,,,,,,,,,,,,,unsupported,ringlpn.two-party-fc-model-scale.v6,2026-08-10,6bd5e24f5e18eb744458d4aaf86d42a823857bc134ac1d4be25c95d49cf3c984,718570af4bf7afa523d029dfddcf0f3dae9e554c9c6e26b744999df193956f72,7,conv26,12,26,conv2d,GPU-MPC/experiments/orca/cnn.h:464,84b9ea2efd1b54f6f18fc0917bf70a21e99187be90314198741e72674ae7c53d,GPU-MPC/experiments/orca/orca_inference.cu:47-50,1,NHWC/KRSC/NHWC,2,8,classifier,no,source_present_unvalidated,unsupported,generalized stock-I/F/O source path is present but has no dated validated result evidence and no truncation/state handoff,,,,,,,,,,,,,,,,,,,,,,,,,,,,,,,,,,,,,,,,,,,,,,,,,,,,,,,,,,,,,,,,,,,,,,,,,,,,,,,,,,,,,,,,,,,,,,,,,,,,,,,,,,,,,,,,,,,,,,,,,,02eaaac9740fde6370cacb7703a965e4785f483da23c2d9795424acd326a0bee,bd996e4e987479a9925d49936e70723a3d789fdb77f343a02ee6ccbaf1cff2f7,fb519e51c5e427da315ba5660588f239fd9381a3a6ce299464a50a042d7b9e43
ResNet18,conv27,-1,coverage,196,128,256,32,128,regular,8192,,,,,,,,,,,,,,,,,,,,unsupported,ringlpn.two-party-fc-model-scale.v6,2026-08-10,6bd5e24f5e18eb744458d4aaf86d42a823857bc134ac1d4be25c95d49cf3c984,718570af4bf7afa523d029dfddcf0f3dae9e554c9c6e26b744999df193956f72,7,conv27,13,27,conv2d,GPU-MPC/experiments/orca/cnn.h:465,c564339020af4772840544108fc5f834e8944de2be500b92d12940ae4113095b,GPU-MPC/experiments/orca/orca_inference.cu:47-50,1,NHWC/KRSC/NHWC,2,8,classifier,no,source_present_unvalidated,unsupported,generalized stock-I/F/O source path is present but has no dated validated result evidence and no truncation/state handoff,,,,,,,,,,,,,,,,,,,,,,,,,,,,,,,,,,,,,,,,,,,,,,,,,,,,,,,,,,,,,,,,,,,,,,,,,,,,,,,,,,,,,,,,,,,,,,,,,,,,,,,,,,,,,,,,,,,,,,,,,,02eaaac9740fde6370cacb7703a965e4785f483da23c2d9795424acd326a0bee,bd996e4e987479a9925d49936e70723a3d789fdb77f343a02ee6ccbaf1cff2f7,fb519e51c5e427da315ba5660588f239fd9381a3a6ce299464a50a042d7b9e43
ResNet18,conv30,-1,coverage,196,2304,256,32,128,regular,8192,,,,,,,,,,,,,,,,,,,,unsupported,ringlpn.two-party-fc-model-scale.v6,2026-08-10,6bd5e24f5e18eb744458d4aaf86d42a823857bc134ac1d4be25c95d49cf3c984,718570af4bf7afa523d029dfddcf0f3dae9e554c9c6e26b744999df193956f72,7,conv30,14,30,conv2d,GPU-MPC/experiments/orca/cnn.h:467,70cc889ca61b8370a175b5c330d8ed12ec3a956c39e14f6866e2ac0c807d61b2,GPU-MPC/experiments/orca/orca_inference.cu:47-50,1,NHWC/KRSC/NHWC,2,8,classifier,no,source_present_unvalidated,unsupported,generalized stock-I/F/O source path is present but has no dated validated result evidence and no truncation/state handoff,,,,,,,,,,,,,,,,,,,,,,,,,,,,,,,,,,,,,,,,,,,,,,,,,,,,,,,,,,,,,,,,,,,,,,,,,,,,,,,,,,,,,,,,,,,,,,,,,,,,,,,,,,,,,,,,,,,,,,,,,,02eaaac9740fde6370cacb7703a965e4785f483da23c2d9795424acd326a0bee,bd996e4e987479a9925d49936e70723a3d789fdb77f343a02ee6ccbaf1cff2f7,fb519e51c5e427da315ba5660588f239fd9381a3a6ce299464a50a042d7b9e43
ResNet18,conv32,-1,coverage,196,2304,256,32,128,regular,8192,,,,,,,,,,,,,,,,,,,,unsupported,ringlpn.two-party-fc-model-scale.v6,2026-08-10,6bd5e24f5e18eb744458d4aaf86d42a823857bc134ac1d4be25c95d49cf3c984,718570af4bf7afa523d029dfddcf0f3dae9e554c9c6e26b744999df193956f72,7,conv32,15,32,conv2d,GPU-MPC/experiments/orca/cnn.h:469,8897d7ad00c09d32383136619ae397f7ae2d8396667caa1bce9063395ba7c853,GPU-MPC/experiments/orca/orca_inference.cu:47-50,1,NHWC/KRSC/NHWC,2,8,classifier,no,source_present_unvalidated,unsupported,generalized stock-I/F/O source path is present but has no dated validated result evidence and no truncation/state handoff,,,,,,,,,,,,,,,,,,,,,,,,,,,,,,,,,,,,,,,,,,,,,,,,,,,,,,,,,,,,,,,,,,,,,,,,,,,,,,,,,,,,,,,,,,,,,,,,,,,,,,,,,,,,,,,,,,,,,,,,,,02eaaac9740fde6370cacb7703a965e4785f483da23c2d9795424acd326a0bee,bd996e4e987479a9925d49936e70723a3d789fdb77f343a02ee6ccbaf1cff2f7,fb519e51c5e427da315ba5660588f239fd9381a3a6ce299464a50a042d7b9e43
ResNet18,conv35,-1,coverage,49,2304,512,32,128,regular,8192,,,,,,,,,,,,,,,,,,,,unsupported,ringlpn.two-party-fc-model-scale.v6,2026-08-10,6bd5e24f5e18eb744458d4aaf86d42a823857bc134ac1d4be25c95d49cf3c984,718570af4bf7afa523d029dfddcf0f3dae9e554c9c6e26b744999df193956f72,7,conv35,16,35,conv2d,GPU-MPC/experiments/orca/cnn.h:471,3425a3052e63eeb2104c49c6e4c26a9f98cb43ced1289fa8cf3b1cdc9a69a9f0,GPU-MPC/experiments/orca/orca_inference.cu:47-50,1,NHWC/KRSC/NHWC,2,8,classifier,no,source_present_unvalidated,unsupported,generalized stock-I/F/O source path is present but has no dated validated result evidence and no truncation/state handoff,,,,,,,,,,,,,,,,,,,,,,,,,,,,,,,,,,,,,,,,,,,,,,,,,,,,,,,,,,,,,,,,,,,,,,,,,,,,,,,,,,,,,,,,,,,,,,,,,,,,,,,,,,,,,,,,,,,,,,,,,,02eaaac9740fde6370cacb7703a965e4785f483da23c2d9795424acd326a0bee,bd996e4e987479a9925d49936e70723a3d789fdb77f343a02ee6ccbaf1cff2f7,fb519e51c5e427da315ba5660588f239fd9381a3a6ce299464a50a042d7b9e43
ResNet18,conv37,-1,coverage,49,4608,512,32,128,regular,8192,,,,,,,,,,,,,,,,,,,,unsupported,ringlpn.two-party-fc-model-scale.v6,2026-08-10,6bd5e24f5e18eb744458d4aaf86d42a823857bc134ac1d4be25c95d49cf3c984,718570af4bf7afa523d029dfddcf0f3dae9e554c9c6e26b744999df193956f72,7,conv37,17,37,conv2d,GPU-MPC/experiments/orca/cnn.h:473,807ca27a30803e3e5b551b7af972962722f57c79a00bef8ba48eb65913decb42,GPU-MPC/experiments/orca/orca_inference.cu:47-50,1,NHWC/KRSC/NHWC,2,8,classifier,no,source_present_unvalidated,unsupported,generalized stock-I/F/O source path is present but has no dated validated result evidence and no truncation/state handoff,,,,,,,,,,,,,,,,,,,,,,,,,,,,,,,,,,,,,,,,,,,,,,,,,,,,,,,,,,,,,,,,,,,,,,,,,,,,,,,,,,,,,,,,,,,,,,,,,,,,,,,,,,,,,,,,,,,,,,,,,,02eaaac9740fde6370cacb7703a965e4785f483da23c2d9795424acd326a0bee,bd996e4e987479a9925d49936e70723a3d789fdb77f343a02ee6ccbaf1cff2f7,fb519e51c5e427da315ba5660588f239fd9381a3a6ce299464a50a042d7b9e43
ResNet18,conv38,-1,coverage,49,256,512,32,128,regular,8192,,,,,,,,,,,,,,,,,,,,unsupported,ringlpn.two-party-fc-model-scale.v6,2026-08-10,6bd5e24f5e18eb744458d4aaf86d42a823857bc134ac1d4be25c95d49cf3c984,718570af4bf7afa523d029dfddcf0f3dae9e554c9c6e26b744999df193956f72,7,conv38,18,38,conv2d,GPU-MPC/experiments/orca/cnn.h:474,e023ddd012cd6c83731d12b06c6d8e9d6d6ec20e79ae742a2f7210f1c3329fea,GPU-MPC/experiments/orca/orca_inference.cu:47-50,1,NHWC/KRSC/NHWC,2,8,classifier,no,source_present_unvalidated,unsupported,generalized stock-I/F/O source path is present but has no dated validated result evidence and no truncation/state handoff,,,,,,,,,,,,,,,,,,,,,,,,,,,,,,,,,,,,,,,,,,,,,,,,,,,,,,,,,,,,,,,,,,,,,,,,,,,,,,,,,,,,,,,,,,,,,,,,,,,,,,,,,,,,,,,,,,,,,,,,,,02eaaac9740fde6370cacb7703a965e4785f483da23c2d9795424acd326a0bee,bd996e4e987479a9925d49936e70723a3d789fdb77f343a02ee6ccbaf1cff2f7,fb519e51c5e427da315ba5660588f239fd9381a3a6ce299464a50a042d7b9e43
ResNet18,conv41,-1,coverage,49,4608,512,32,128,regular,8192,,,,,,,,,,,,,,,,,,,,unsupported,ringlpn.two-party-fc-model-scale.v6,2026-08-10,6bd5e24f5e18eb744458d4aaf86d42a823857bc134ac1d4be25c95d49cf3c984,718570af4bf7afa523d029dfddcf0f3dae9e554c9c6e26b744999df193956f72,7,conv41,19,41,conv2d,GPU-MPC/experiments/orca/cnn.h:476,96cfd242d95a38fb11b67bfe9db19c8ac8ac512791ce4700f90e718172f30389,GPU-MPC/experiments/orca/orca_inference.cu:47-50,1,NHWC/KRSC/NHWC,2,8,classifier,no,source_present_unvalidated,unsupported,generalized stock-I/F/O source path is present but has no dated validated result evidence and no truncation/state handoff,,,,,,,,,,,,,,,,,,,,,,,,,,,,,,,,,,,,,,,,,,,,,,,,,,,,,,,,,,,,,,,,,,,,,,,,,,,,,,,,,,,,,,,,,,,,,,,,,,,,,,,,,,,,,,,,,,,,,,,,,,02eaaac9740fde6370cacb7703a965e4785f483da23c2d9795424acd326a0bee,bd996e4e987479a9925d49936e70723a3d789fdb77f343a02ee6ccbaf1cff2f7,fb519e51c5e427da315ba5660588f239fd9381a3a6ce299464a50a042d7b9e43
ResNet18,conv43,-1,coverage,49,4608,512,32,128,regular,8192,,,,,,,,,,,,,,,,,,,,unsupported,ringlpn.two-party-fc-model-scale.v6,2026-08-10,6bd5e24f5e18eb744458d4aaf86d42a823857bc134ac1d4be25c95d49cf3c984,718570af4bf7afa523d029dfddcf0f3dae9e554c9c6e26b744999df193956f72,7,conv43,20,43,conv2d,GPU-MPC/experiments/orca/cnn.h:478,491564b4eefe548d941c393150950fb639d0ece64b883fd46471782db6568b4f,GPU-MPC/experiments/orca/orca_inference.cu:47-50,1,NHWC/KRSC/NHWC,2,8,classifier,no,source_present_unvalidated,unsupported,generalized stock-I/F/O source path is present but has no dated validated result evidence and no truncation/state handoff,,,,,,,,,,,,,,,,,,,,,,,,,,,,,,,,,,,,,,,,,,,,,,,,,,,,,,,,,,,,,,,,,,,,,,,,,,,,,,,,,,,,,,,,,,,,,,,,,,,,,,,,,,,,,,,,,,,,,,,,,,02eaaac9740fde6370cacb7703a965e4785f483da23c2d9795424acd326a0bee,bd996e4e987479a9925d49936e70723a3d789fdb77f343a02ee6ccbaf1cff2f7,fb519e51c5e427da315ba5660588f239fd9381a3a6ce299464a50a042d7b9e43
ResNet18,classifier,0,warmup,1,512,1000,32,128,regular,8192,69,276,276,70656,70656,4,4,92105212,90267132,4.05626e+06,4.05628e+06,4108304,4108304,4108096,14855.1,1158.92,pass,pass,pass,pass,ringlpn.two-party-fc-model-scale.v6,2026-08-10,6bd5e24f5e18eb744458d4aaf86d42a823857bc134ac1d4be25c95d49cf3c984,718570af4bf7afa523d029dfddcf0f3dae9e554c9c6e26b744999df193956f72,7,gemm48,21,48,fc,GPU-MPC/experiments/orca/cnn.h:482,1e77d156ceb7d5208df04ea1d801f02c640fe0afbc3ed5d889aa33a6015ebabc,GPU-MPC/experiments/orca/orca_inference.cu:47-50,1,row-major A[MxK]/B[KxN]/C[MxN],2,8,classifier,yes,supported_untruncated,stock_terminal_local_ars,terminal stock output unmask/local ARS and graph-state handoff are not part of the live Ring-LPN artifact,14855.1,1158.92,432314df760c12e650149224b07cb07057ab184c2cea4881ca1f9013d7c2ef2d,ff6de20f878a9c591d9849eed965b516b58efec0f8ee67e3139270d2f5382372,bd94c65e978bfa0de8bc94e208425347e5cb3e6c0f4de7859e11a75cea4d5e71,49211999f45add02dcde94fb54ac0a23c89fae58bc33823afa6c4cf6b2bb41ec,aba61347b8f8f13af45f5e3f9424b404f4a45e204f685f034ca2b28bb46e9e27,7424,768,1536,1536,210432,210432,211968,211968,1536,1536,210432,210432,1024,1024,11023,11023,30.876,133.212,21726.2,21716.7,248560,248565,1.99126e+06,1.99131e+06,45880.1,45142,1743.17,1761.25,47722.7,52398.9,1.22242e+06,1.22149e+06,94219.5,81491.5,40755,40806.5,11290,12041.8,866.243,112.1,142528512,143212544,31929597952,31927500800,1896939520,1899036672,64179485,65170738,65170738,64179485,27947717,25118384,25118384,27947717,256,256,21829,21829,21829,21829,yes,yes,NA,NA,177654,171266048,20187643904,13638893568,bcfa88515aa4bad90009b15761b05bf5,eb5535bc6d0bf04b26fc3d9bd107ec636e28c7c16a0290bf83532594ff4bbf9d,sci-iknp,sci-iknp,SCI-IKNP-IN-TREE,SCI-IKNP-IN-TREE,NA,NA,NA,NA,NA,NA,NA,NA,NA,NA,NA,NA,NA,NA,NA,NA,NA,NA,NA,NA,NA,NA,NA,NA,existing-default,existing-default,128,128,128,128,128,128,128,128,NA,NA,1104,1104,0,0,02eaaac9740fde6370cacb7703a965e4785f483da23c2d9795424acd326a0bee,bd996e4e987479a9925d49936e70723a3d789fdb77f343a02ee6ccbaf1cff2f7,fb519e51c5e427da315ba5660588f239fd9381a3a6ce299464a50a042d7b9e43
ResNet18,classifier,1,measured,1,512,1000,32,128,regular,8192,69,276,276,70656,70656,4,4,92105212,90267132,3.97077e+06,3.96854e+06,4108304,4108304,4108096,15085,1151.81,pass,pass,pass,pass,ringlpn.two-party-fc-model-scale.v6,2026-08-10,6bd5e24f5e18eb744458d4aaf86d42a823857bc134ac1d4be25c95d49cf3c984,718570af4bf7afa523d029dfddcf0f3dae9e554c9c6e26b744999df193956f72,7,gemm48,21,48,fc,GPU-MPC/experiments/orca/cnn.h:482,1e77d156ceb7d5208df04ea1d801f02c640fe0afbc3ed5d889aa33a6015ebabc,GPU-MPC/experiments/orca/orca_inference.cu:47-50,1,row-major A[MxK]/B[KxN]/C[MxN],2,8,classifier,yes,supported_untruncated,stock_terminal_local_ars,terminal stock output unmask/local ARS and graph-state handoff are not part of the live Ring-LPN artifact,15085,1151.81,af2e40802048af080d8c524d59c7ce01c8933a8da0b56a13c868f353cd416075,d6656185ca49d4d423f4411d785026dfcc9fb90c4e9a80c79f6b2ed1f99d6ad8,4afa7b11b8cc8bb17d237a6f55e11616b8f0964af7bb2abfb6e6a3576775535a,6ad7fa89f9081fa4378ba3926df08b32d03bf25106d3a79fb33c561dc3f195ae,c6c7482bdee842048f61009ea9f74f155ce32041160a8c567c85928d89b3c6f3,7424,768,1536,1536,210432,210432,211968,211968,1536,1536,210432,210432,1024,1024,11023,11023,25.662,210.279,19961.3,22183.9,246273,246283,1.93021e+06,1.93033e+06,41491.9,41307.1,1694.41,1738.19,50661.4,48821.7,1.22802e+06,1.2245e+06,92882,80771.9,40775.5,40826.9,12603.8,12629.5,144.093,118.792,143015936,142376960,31929597952,31927500800,1896939520,1899036672,64179485,65170738,65170738,64179485,27947717,25118384,25118384,27947717,256,256,21829,21829,21829,21829,yes,yes,NA,NA,177639,171405312,20187643904,13638893568,2844e6265d249b5be9dc6c5bb06f1fb1,e6c68e9d28c33fcb85bed123a9687b018eeb32c72a6aebc7a42d617ba41ec992,sci-iknp,sci-iknp,SCI-IKNP-IN-TREE,SCI-IKNP-IN-TREE,NA,NA,NA,NA,NA,NA,NA,NA,NA,NA,NA,NA,NA,NA,NA,NA,NA,NA,NA,NA,NA,NA,NA,NA,existing-default,existing-default,128,128,128,128,128,128,128,128,NA,NA,1104,1104,0,0,02eaaac9740fde6370cacb7703a965e4785f483da23c2d9795424acd326a0bee,bd996e4e987479a9925d49936e70723a3d789fdb77f343a02ee6ccbaf1cff2f7,fb519e51c5e427da315ba5660588f239fd9381a3a6ce299464a50a042d7b9e43
ResNet18,classifier,2,measured,1,512,1000,32,128,regular,8192,69,276,276,70656,70656,4,4,92105212,90267132,3.9275e+06,3.92755e+06,4108304,4108304,4108096,14686.2,1146.68,pass,pass,pass,pass,ringlpn.two-party-fc-model-scale.v6,2026-08-10,6bd5e24f5e18eb744458d4aaf86d42a823857bc134ac1d4be25c95d49cf3c984,718570af4bf7afa523d029dfddcf0f3dae9e554c9c6e26b744999df193956f72,7,gemm48,21,48,fc,GPU-MPC/experiments/orca/cnn.h:482,1e77d156ceb7d5208df04ea1d801f02c640fe0afbc3ed5d889aa33a6015ebabc,GPU-MPC/experiments/orca/orca_inference.cu:47-50,1,row-major A[MxK]/B[KxN]/C[MxN],2,8,classifier,yes,supported_untruncated,stock_terminal_local_ars,terminal stock output unmask/local ARS and graph-state handoff are not part of the live Ring-LPN artifact,14686.2,1146.68,99f0ccd03485f5d639af2c76d051a020b7accb9d53d3105ca902b73bb0ea55f7,1e3acbc3fb82e6a77a980d82f0702716f42b27cd146173b25bcbbf0f554187a1,ce82418c70879b454ef7ba3f4f16f1d28d54321100ec3f6be72277be262ce243,80840f1de7ce1f74a71a8c736e25e29e111c7e67efa12458630ac583b2674a81,8dd16bffd732c079f754b013e67347f9d2edd762029e6b7e8d00ed2e8b184d8c,7424,768,1536,1536,210432,210432,211968,211968,1536,1536,210432,210432,1024,1024,11023,11023,28.361,50.791,24248.5,24208.2,247314,247349,1.89323e+06,1.89273e+06,41166.2,41612.1,1746.06,1662.64,51298.1,47236.8,1.22346e+06,1.22356e+06,94552.7,80979.2,40888.7,40933.7,12425.5,13844.3,1711.54,287.058,142118912,142319616,31929597952,31927500800,1896939520,1899036672,64179485,65170738,65170738,64179485,27947717,25118384,25118384,27947717,256,256,21829,21829,21829,21829,yes,yes,NA,NA,178179,170999808,20187643904,13638893568,2213d4c115a802a6deed8373a7bcbf58,c61f616ed02158a58d6eed92e3d63fdc101b4ca0b97f725fe23bc22a89df9de1,sci-iknp,sci-iknp,SCI-IKNP-IN-TREE,SCI-IKNP-IN-TREE,NA,NA,NA,NA,NA,NA,NA,NA,NA,NA,NA,NA,NA,NA,NA,NA,NA,NA,NA,NA,NA,NA,NA,NA,existing-default,existing-default,128,128,128,128,128,128,128,128,NA,NA,1104,1104,0,0,02eaaac9740fde6370cacb7703a965e4785f483da23c2d9795424acd326a0bee,bd996e4e987479a9925d49936e70723a3d789fdb77f343a02ee6ccbaf1cff2f7,fb519e51c5e427da315ba5660588f239fd9381a3a6ce299464a50a042d7b9e43
ResNet18,classifier,3,measured,1,512,1000,32,128,regular,8192,69,276,276,70656,70656,4,4,92105212,90267132,4.00374e+06,4.00358e+06,4108304,4108304,4108096,15217.6,1155.03,pass,pass,pass,pass,ringlpn.two-party-fc-model-scale.v6,2026-08-10,6bd5e24f5e18eb744458d4aaf86d42a823857bc134ac1d4be25c95d49cf3c984,718570af4bf7afa523d029dfddcf0f3dae9e554c9c6e26b744999df193956f72,7,gemm48,21,48,fc,GPU-MPC/experiments/orca/cnn.h:482,1e77d156ceb7d5208df04ea1d801f02c640fe0afbc3ed5d889aa33a6015ebabc,GPU-MPC/experiments/orca/orca_inference.cu:47-50,1,row-major A[MxK]/B[KxN]/C[MxN],2,8,classifier,yes,supported_untruncated,stock_terminal_local_ars,terminal stock output unmask/local ARS and graph-state handoff are not part of the live Ring-LPN artifact,15217.6,1155.03,29aa3b9fd65b8eaf1f9182b41dd8dc40ea03dbeb35180649754379b67895fe62,8c382b76b2eddb683988af82bad764d52d731dfd7dd1f502beacf585a0726992,6d2d9a4abd144ec7b25e0a21b26fc46abc276ee04b6a0dd6825155087cd47987,edf1f335219242a2b236115dd05c75d835b55c5b7409efdf73eeb1adbd891032,3bfb128464c4016f59524c22692c92ee5917ce84a44e48430305ca12e674072b,7424,768,1536,1536,210432,210432,211968,211968,1536,1536,210432,210432,1024,1024,11023,11023,32.041,143.525,18946.3,18944,244795,244797,1.96156e+06,1.96168e+06,42243.5,42101.2,1738.66,1787.55,47303.7,47807.3,1.2235e+06,1.22642e+06,94486.5,82336.6,42032.9,42084.6,12654.4,11597.3,284.914,1334.87,142299136,142581760,31929597952,31927500800,1896939520,1899036672,64179485,65170738,65170738,64179485,27947717,25118384,25118384,27947717,256,256,21829,21829,21829,21829,yes,yes,NA,NA,174415,171266048,20187643904,13638893568,56094c41b8d1b8a7454c1a8efcded457,65bba93efe802c325e6afa072f49eb3a4e282f61d42784972062808ef8813b3e,sci-iknp,sci-iknp,SCI-IKNP-IN-TREE,SCI-IKNP-IN-TREE,NA,NA,NA,NA,NA,NA,NA,NA,NA,NA,NA,NA,NA,NA,NA,NA,NA,NA,NA,NA,NA,NA,NA,NA,existing-default,existing-default,128,128,128,128,128,128,128,128,NA,NA,1104,1104,0,0,02eaaac9740fde6370cacb7703a965e4785f483da23c2d9795424acd326a0bee,bd996e4e987479a9925d49936e70723a3d789fdb77f343a02ee6ccbaf1cff2f7,fb519e51c5e427da315ba5660588f239fd9381a3a6ce299464a50a042d7b9e43
ResNet18,classifier,4,measured,1,512,1000,32,128,regular,8192,69,276,276,70656,70656,4,4,92105212,90267132,4.03316e+06,4.03319e+06,4108304,4108304,4108096,15535.7,1150.73,pass,pass,pass,pass,ringlpn.two-party-fc-model-scale.v6,2026-08-10,6bd5e24f5e18eb744458d4aaf86d42a823857bc134ac1d4be25c95d49cf3c984,718570af4bf7afa523d029dfddcf0f3dae9e554c9c6e26b744999df193956f72,7,gemm48,21,48,fc,GPU-MPC/experiments/orca/cnn.h:482,1e77d156ceb7d5208df04ea1d801f02c640fe0afbc3ed5d889aa33a6015ebabc,GPU-MPC/experiments/orca/orca_inference.cu:47-50,1,row-major A[MxK]/B[KxN]/C[MxN],2,8,classifier,yes,supported_untruncated,stock_terminal_local_ars,terminal stock output unmask/local ARS and graph-state handoff are not part of the live Ring-LPN artifact,15535.7,1150.73,d8881a7bc6c1e165f44a29ace53219b1a743e1f84b470cd566b64bc65d45f676,bafc6da543a7e134740ee61a4b7e0fb2ac34227e8efd298aae1f7016739d0472,487547973bb652689f94fc85062ae61c7e3b707ac626659f8198b460a237e174,dce1a37ca2feab4e4fd35587f1a02ea3f5863d264331559606fd595290ce9f4e,55a4c103595c74c83ab64dd073cd26a833dc9306af761f37b59ce5f927b02d2b,7424,768,1536,1536,210432,210432,211968,211968,1536,1536,210432,210432,1024,1024,11023,11023,34.285,13.299,24158.9,24138.5,249199,249178,1.98743e+06,1.98757e+06,41833.9,41634.2,1804.17,1797.72,47905.9,54522.8,1.22268e+06,1.22544e+06,94937.8,81286.9,41898.3,41940,12274.2,12147.2,160.217,278.192,141889536,143011840,31929597952,31927500800,1896939520,1899036672,64179485,65170738,65170738,64179485,27947717,25118384,25118384,27947717,256,256,21829,21829,21829,21829,yes,yes,NA,NA,174725,171442176,20187643904,13638893568,99b5da7de1894be951648ed0851d2a1d,70ac65e860cf3f28871d6b8d8ae1cc7093c970c7cc7ac0677cd3d15da47af9dd,sci-iknp,sci-iknp,SCI-IKNP-IN-TREE,SCI-IKNP-IN-TREE,NA,NA,NA,NA,NA,NA,NA,NA,NA,NA,NA,NA,NA,NA,NA,NA,NA,NA,NA,NA,NA,NA,NA,NA,existing-default,existing-default,128,128,128,128,128,128,128,128,NA,NA,1104,1104,0,0,02eaaac9740fde6370cacb7703a965e4785f483da23c2d9795424acd326a0bee,bd996e4e987479a9925d49936e70723a3d789fdb77f343a02ee6ccbaf1cff2f7,fb519e51c5e427da315ba5660588f239fd9381a3a6ce299464a50a042d7b9e43
ResNet18,classifier,5,measured,1,512,1000,32,128,regular,8192,69,276,276,70656,70656,4,4,92105212,90267132,4.00588e+06,4.00595e+06,4108304,4108304,4108096,14702.2,1148.17,pass,pass,pass,pass,ringlpn.two-party-fc-model-scale.v6,2026-08-10,6bd5e24f5e18eb744458d4aaf86d42a823857bc134ac1d4be25c95d49cf3c984,718570af4bf7afa523d029dfddcf0f3dae9e554c9c6e26b744999df193956f72,7,gemm48,21,48,fc,GPU-MPC/experiments/orca/cnn.h:482,1e77d156ceb7d5208df04ea1d801f02c640fe0afbc3ed5d889aa33a6015ebabc,GPU-MPC/experiments/orca/orca_inference.cu:47-50,1,row-major A[MxK]/B[KxN]/C[MxN],2,8,classifier,yes,supported_untruncated,stock_terminal_local_ars,terminal stock output unmask/local ARS and graph-state handoff are not part of the live Ring-LPN artifact,14702.2,1148.17,48cd2f93d41315601b20d24339da1175bba66b4a6376a3c38fb470411b380c8a,ec726a49ffb89597b2a15a223c9b763fdbb04588b9f53f9c41eb8169c1715273,fb3ff427cb26e82ddc2edd7542ed615079d6ae4c40d3219e6cc786cdefc4880a,ad434863af0a6a5ca0ecdfa09084a38190c019daa78c5360692fad61878ed183,ed4206f3d66eb5775cc03b57bf0fb2c849cacb67fdf10a1ed21798909c922f49,7424,768,1536,1536,210432,210432,211968,211968,1536,1536,210432,210432,1024,1024,11023,11023,26.515,36.422,20245.4,20200,244965,245006,1.95922e+06,1.95953e+06,43001.5,42678.4,1763.62,1767.02,48419.3,50543.1,1.22439e+06,1.23015e+06,95525.2,82369.6,41848,41887.4,13932.2,11979.3,290.009,2246.31,142024704,142344192,31929597952,31927500800,1896939520,1899036672,64179485,65170738,65170738,64179485,27947717,25118384,25118384,27947717,256,256,21829,21829,21829,21829,yes,yes,NA,NA,184651,171266048,20187643904,13638893568,12067f588be1f1986955b1510072512a,773274d7bb79a2a7ac403731974b146adcf8052ca54aaebec04d6c78c8680aad,sci-iknp,sci-iknp,SCI-IKNP-IN-TREE,SCI-IKNP-IN-TREE,NA,NA,NA,NA,NA,NA,NA,NA,NA,NA,NA,NA,NA,NA,NA,NA,NA,NA,NA,NA,NA,NA,NA,NA,existing-default,existing-default,128,128,128,128,128,128,128,128,NA,NA,1104,1104,0,0,02eaaac9740fde6370cacb7703a965e4785f483da23c2d9795424acd326a0bee,bd996e4e987479a9925d49936e70723a3d789fdb77f343a02ee6ccbaf1cff2f7,fb519e51c5e427da315ba5660588f239fd9381a3a6ce299464a50a042d7b9e43
ResNet18,classifier,6,measured,1,512,1000,32,128,regular,8192,69,276,276,70656,70656,4,4,92105212,90267132,4.00973e+06,4.00972e+06,4108304,4108304,4108096,14604.3,1149.09,pass,pass,pass,pass,ringlpn.two-party-fc-model-scale.v6,2026-08-10,6bd5e24f5e18eb744458d4aaf86d42a823857bc134ac1d4be25c95d49cf3c984,718570af4bf7afa523d029dfddcf0f3dae9e554c9c6e26b744999df193956f72,7,gemm48,21,48,fc,GPU-MPC/experiments/orca/cnn.h:482,1e77d156ceb7d5208df04ea1d801f02c640fe0afbc3ed5d889aa33a6015ebabc,GPU-MPC/experiments/orca/orca_inference.cu:47-50,1,row-major A[MxK]/B[KxN]/C[MxN],2,8,classifier,yes,supported_untruncated,stock_terminal_local_ars,terminal stock output unmask/local ARS and graph-state handoff are not part of the live Ring-LPN artifact,14604.3,1149.09,73ee0898d07cb547273e4f2ca1f8fcffee599f59ce4ce874659d61351ac31911,c2c930bd4a413748173cda4ebb359fa18444d2f3d8c1a6918b0371aef6ab795e,a2590aaab6e54a79cc2645a7d301c40459aa221fc57b30b813be61eda3128a60,1f181f5a1496ae04eda0d3c8be6a3d13885651090cb6ab82dafca997601cbc5b,e91a3054e455a7ecdac81af72c562d6ad3a9dca0d8015d8ccfaa55e4235896b6,7424,768,1536,1536,210432,210432,211968,211968,1536,1536,210432,210432,1024,1024,11023,11023,26.061,11.779,19879,19880.9,247888,247929,1.97781e+06,1.97799e+06,42641.9,42411.6,1675.8,1756.74,48069.1,47641.1,1.21876e+06,1.22809e+06,94714.4,80395.6,39037.6,39085.5,12217.7,12215.2,238.535,233.003,142503936,142147584,31929597952,31927500800,1896939520,1899036672,64179485,65170738,65170738,64179485,27947717,25118384,25118384,27947717,256,256,21829,21829,21829,21829,yes,yes,NA,NA,175322,171266048,20187643904,13638893568,f490128add4c54aa85c827fdddb8df84,651d2d1f3dfa1fc3f27cd6d6378c8b7b90db5d16f80c66a45828d83de1e2342e,sci-iknp,sci-iknp,SCI-IKNP-IN-TREE,SCI-IKNP-IN-TREE,NA,NA,NA,NA,NA,NA,NA,NA,NA,NA,NA,NA,NA,NA,NA,NA,NA,NA,NA,NA,NA,NA,NA,NA,existing-default,existing-default,128,128,128,128,128,128,128,128,NA,NA,1104,1104,0,0,02eaaac9740fde6370cacb7703a965e4785f483da23c2d9795424acd326a0bee,bd996e4e987479a9925d49936e70723a3d789fdb77f343a02ee6ccbaf1cff2f7,fb519e51c5e427da315ba5660588f239fd9381a3a6ce299464a50a042d7b9e43
ResNet18,classifier,7,measured,1,512,1000,32,128,regular,8192,69,276,276,70656,70656,4,4,92105212,90267132,4.03431e+06,4.03436e+06,4108304,4108304,4108096,14644.2,1149.64,pass,pass,pass,pass,ringlpn.two-party-fc-model-scale.v6,2026-08-10,6bd5e24f5e18eb744458d4aaf86d42a823857bc134ac1d4be25c95d49cf3c984,718570af4bf7afa523d029dfddcf0f3dae9e554c9c6e26b744999df193956f72,7,gemm48,21,48,fc,GPU-MPC/experiments/orca/cnn.h:482,1e77d156ceb7d5208df04ea1d801f02c640fe0afbc3ed5d889aa33a6015ebabc,GPU-MPC/experiments/orca/orca_inference.cu:47-50,1,row-major A[MxK]/B[KxN]/C[MxN],2,8,classifier,yes,supported_untruncated,stock_terminal_local_ars,terminal stock output unmask/local ARS and graph-state handoff are not part of the live Ring-LPN artifact,14644.2,1149.64,740be3ecc3ed6ca35c2bcd2bf56cf226a6caa2418bb54e27878c24046b7d0ec2,572ea7c2d94a404e38a4115fe7152bbca1eaea6d4efc3c6c2606d9c5a3e7d407,5a2ccf6b9a8297470d55f2f6ec8c36e94b11f2ad32400452dce2e1fc0d43b096,ef382bfb38ef36053857e52ad6ac3f684c2db6ac49a11035ba0979add780a39e,e576fa1ac98f7ef06a30429921f66981142f532b6a09f0edf83ca43ae833d0a4,7424,768,1536,1536,210432,210432,211968,211968,1536,1536,210432,210432,1024,1024,11023,11023,39.227,254.776,23383.8,23382.2,250468,250497,1.97444e+06,1.97424e+06,41293.8,41429.8,1783.03,1743.68,47052.3,47604.7,1.22895e+06,1.22529e+06,93427.4,80692.8,42698.1,42765.7,13136,11822.6,350.936,1663.54,142041088,142606336,31929597952,31927500800,1896939520,1899036672,64179485,65170738,65170738,64179485,27947717,25118384,25118384,27947717,256,256,21829,21829,21829,21829,yes,yes,NA,NA,181536,170983424,20187643904,13638893568,e86ef31612269fbfcee0ffee1418180e,331d126146c17759af3e80cd7acb78ee5805d2434de8c9f7a5178eab6a6f95c1,sci-iknp,sci-iknp,SCI-IKNP-IN-TREE,SCI-IKNP-IN-TREE,NA,NA,NA,NA,NA,NA,NA,NA,NA,NA,NA,NA,NA,NA,NA,NA,NA,NA,NA,NA,NA,NA,NA,NA,existing-default,existing-default,128,128,128,128,128,128,128,128,NA,NA,1104,1104,0,0,02eaaac9740fde6370cacb7703a965e4785f483da23c2d9795424acd326a0bee,bd996e4e987479a9925d49936e70723a3d789fdb77f343a02ee6ccbaf1cff2f7,fb519e51c5e427da315ba5660588f239fd9381a3a6ce299464a50a042d7b9e43
ResNet18,classifier,8,measured,1,512,1000,32,128,regular,8192,69,276,276,70656,70656,4,4,92105212,90267132,3.98298e+06,3.98292e+06,4108304,4108304,4108096,14413.2,1147.75,pass,pass,pass,pass,ringlpn.two-party-fc-model-scale.v6,2026-08-10,6bd5e24f5e18eb744458d4aaf86d42a823857bc134ac1d4be25c95d49cf3c984,718570af4bf7afa523d029dfddcf0f3dae9e554c9c6e26b744999df193956f72,7,gemm48,21,48,fc,GPU-MPC/experiments/orca/cnn.h:482,1e77d156ceb7d5208df04ea1d801f02c640fe0afbc3ed5d889aa33a6015ebabc,GPU-MPC/experiments/orca/orca_inference.cu:47-50,1,row-major A[MxK]/B[KxN]/C[MxN],2,8,classifier,yes,supported_untruncated,stock_terminal_local_ars,terminal stock output unmask/local ARS and graph-state handoff are not part of the live Ring-LPN artifact,14413.2,1147.75,3f6b420d1f09e29ed2f9153487f96e6ca56e779142ab2103f8e99e44e524e675,1f0b418c0ab336e50cd8e51998cea480367e118445e5bcbe60bcfb0dbe0f0788,67d325b9c76c444cac86a00538ae086ad9f9b41ea3dfb6aaf43cfbb8739de86e,74e376bc74912376d10ef1832cf74287bff56d45ec5ecd558bc49aa76ea20bc8,8f551fc11d2cd58f0c59577ea6d560d20c769b07c4a2948b2d439859556df02e,7424,768,1536,1536,210432,210432,211968,211968,1536,1536,210432,210432,1024,1024,11023,11023,39.858,320.039,19706.6,19772.7,246135,246166,1.94689e+06,1.94685e+06,41193.7,41190.4,1666.75,1693.05,48225.3,50812.7,1.22688e+06,1.22487e+06,94464.3,80765.6,37117.6,37171.6,11589.1,11991.1,583.337,177.38,141545472,143273984,31929597952,31927500800,1896939520,1899036672,64179485,65170738,65170738,64179485,27947717,25118384,25118384,27947717,256,256,21829,21829,21829,21829,yes,yes,NA,NA,179853,170790912,20187643904,13638893568,7eeaded5e52359c43fc5a33d3ff9ce08,e7b4b17a7c58cf7c2738df1a4eeb94a57934e2f981b63e7b90baa54d70752289,sci-iknp,sci-iknp,SCI-IKNP-IN-TREE,SCI-IKNP-IN-TREE,NA,NA,NA,NA,NA,NA,NA,NA,NA,NA,NA,NA,NA,NA,NA,NA,NA,NA,NA,NA,NA,NA,NA,NA,existing-default,existing-default,128,128,128,128,128,128,128,128,NA,NA,1104,1104,0,0,02eaaac9740fde6370cacb7703a965e4785f483da23c2d9795424acd326a0bee,bd996e4e987479a9925d49936e70723a3d789fdb77f343a02ee6ccbaf1cff2f7,fb519e51c5e427da315ba5660588f239fd9381a3a6ce299464a50a042d7b9e43
ResNet18,classifier,9,measured,1,512,1000,32,128,regular,8192,69,276,276,70656,70656,4,4,92105212,90267132,3.93666e+06,3.93667e+06,4108304,4108304,4108096,14768.5,1153.56,pass,pass,pass,pass,ringlpn.two-party-fc-model-scale.v6,2026-08-10,6bd5e24f5e18eb744458d4aaf86d42a823857bc134ac1d4be25c95d49cf3c984,718570af4bf7afa523d029dfddcf0f3dae9e554c9c6e26b744999df193956f72,7,gemm48,21,48,fc,GPU-MPC/experiments/orca/cnn.h:482,1e77d156ceb7d5208df04ea1d801f02c640fe0afbc3ed5d889aa33a6015ebabc,GPU-MPC/experiments/orca/orca_inference.cu:47-50,1,row-major A[MxK]/B[KxN]/C[MxN],2,8,classifier,yes,supported_untruncated,stock_terminal_local_ars,terminal stock output unmask/local ARS and graph-state handoff are not part of the live Ring-LPN artifact,14768.5,1153.56,108b4ece13cc4df6fc9f2f5b49ce1b58e7f8cc6c14a0e3b4a0fdb690a3e8c6d0,c2e1b2eaedadd312a9e7cba19bb41f15b0f630116f42da0cff5123b89fb134e2,2e58134cd123e9517da17d8e0957e64b75715f0d2912f1ad59966b29338ad345,c88b6f49fbc90985c198256808782a1edbc01c8507f417a502f69268711cbee2,9d3d409974ce1dc890f1a4ed0e522de8cc867a38bc590378816b4e64f2b3a0c1,7424,768,1536,1536,210432,210432,211968,211968,1536,1536,210432,210432,1024,1024,11023,11023,29.38,92.044,19563.6,19561.4,238774,238771,1.91071e+06,1.91084e+06,41359.2,41195.6,1749.63,1857.52,47313.7,47783.7,1.22195e+06,1.22587e+06,94267.9,81231.8,40861.3,40909.2,13252.2,11532,306.381,2024.04,141733888,142495744,31929597952,31927500800,1896939520,1899036672,64179485,65170738,65170738,64179485,27947717,25118384,25118384,27947717,256,256,21829,21829,21829,21829,yes,yes,NA,NA,170584,170913792,20187643904,13638893568,3c015a3eedff5d122449f6af1bf37d3d,9fab2211b4041298d688b3f399d6dbba5bb1b86f71951727699de85c9c136b4b,sci-iknp,sci-iknp,SCI-IKNP-IN-TREE,SCI-IKNP-IN-TREE,NA,NA,NA,NA,NA,NA,NA,NA,NA,NA,NA,NA,NA,NA,NA,NA,NA,NA,NA,NA,NA,NA,NA,NA,existing-default,existing-default,128,128,128,128,128,128,128,128,NA,NA,1104,1104,0,0,02eaaac9740fde6370cacb7703a965e4785f483da23c2d9795424acd326a0bee,bd996e4e987479a9925d49936e70723a3d789fdb77f343a02ee6ccbaf1cff2f7,fb519e51c5e427da315ba5660588f239fd9381a3a6ce299464a50a042d7b9e43
ResNet18,classifier,10,measured,1,512,1000,32,128,regular,8192,69,276,276,70656,70656,4,4,92105212,90267132,3.99559e+06,3.9956e+06,4108304,4108304,4108096,14970.2,1149.74,pass,pass,pass,pass,ringlpn.two-party-fc-model-scale.v6,2026-08-10,6bd5e24f5e18eb744458d4aaf86d42a823857bc134ac1d4be25c95d49cf3c984,718570af4bf7afa523d029dfddcf0f3dae9e554c9c6e26b744999df193956f72,7,gemm48,21,48,fc,GPU-MPC/experiments/orca/cnn.h:482,1e77d156ceb7d5208df04ea1d801f02c640fe0afbc3ed5d889aa33a6015ebabc,GPU-MPC/experiments/orca/orca_inference.cu:47-50,1,row-major A[MxK]/B[KxN]/C[MxN],2,8,classifier,yes,supported_untruncated,stock_terminal_local_ars,terminal stock output unmask/local ARS and graph-state handoff are not part of the live Ring-LPN artifact,14970.2,1149.74,b0c7a81a3df2a4e30321de9ae5c5b3e03aa67b9045d1920275eca7c546a3869a,29a200ea5e2b7e0477c658456dcc4101e005f1d82f0b3f8309986ee606bc6533,d2ae43e60e0201a5cf88443f5b8eefc3b79212c1878527ad59d476a059d788c5,6a534e808e191fbe11f49c2f18074531154097ddcf35ad1e52d8c1055d65641a,a453e45adfaa7d69f98497c41a2a6e93272f39265ee0cd86b930e12e3582069a,7424,768,1536,1536,210432,210432,211968,211968,1536,1536,210432,210432,1024,1024,11023,11023,157.842,40.555,20318.7,20319.1,246288,246304,1.9512e+06,1.9515e+06,44785.1,44451.2,1695.44,1802.36,47947.7,52042.3,1.22336e+06,1.22637e+06,95808.5,82702.9,42358.9,42412.3,14459.2,14455.6,293.878,290.637,142381056,141967360,31929597952,31927500800,1896939520,1899036672,64179485,65170738,65170738,64179485,27947717,25118384,25118384,27947717,256,256,21829,21829,21829,21829,yes,yes,NA,NA,173138,171528192,20187643904,13638893568,5d775dcc49bb65a69c9f92bf266beea1,4b3fe00f12727991cd6ebe7507d9b525fb98e2cbf3fdf7a00b958afa9cc5159e,sci-iknp,sci-iknp,SCI-IKNP-IN-TREE,SCI-IKNP-IN-TREE,NA,NA,NA,NA,NA,NA,NA,NA,NA,NA,NA,NA,NA,NA,NA,NA,NA,NA,NA,NA,NA,NA,NA,NA,existing-default,existing-default,128,128,128,128,128,128,128,128,NA,NA,1104,1104,0,0,02eaaac9740fde6370cacb7703a965e4785f483da23c2d9795424acd326a0bee,bd996e4e987479a9925d49936e70723a3d789fdb77f343a02ee6ccbaf1cff2f7,fb519e51c5e427da315ba5660588f239fd9381a3a6ce299464a50a042d7b9e43
