schema_version,source_schema_version,publication_date,manifest_sha256,workload_manifest_sha256,raw_trials_sha256,binary_sha256,environment_sha256,result_schema_sha256,model,model_order,source_layer,trial,sample_role,observation_scope,workload,expected_executable_layers,retained_layer_rows,failed_layer_rows,unsupported_convolution_layers,unsupported_truncation_layers,p0_ring_oles_total,p1_ring_oles_total,p0_dpf_trees_total,p1_dpf_trees_total,p0_public_a_seed_words_total,p1_public_a_seed_words_total,p0_protocol_bytes_total,p1_protocol_bytes_total,p0_record_bytes_total,p1_record_bytes_total,final_payload_bytes_per_party_total,p0_total_us_total,p1_total_us_total,matched_dealer_keygen_us_total,checker_two_share_online_us_total,stock_gpuKeygenMatmul_two_party_sequential_us_total,unchanged_gpuMatmulBeaver_two_share_sequential_us_total,p0_protocol_dependency_rounds_total,p1_protocol_dependency_rounds_total,p0_preflight_us_total,p1_preflight_us_total,p0_ot_setup_us_total,p1_ot_setup_us_total,p0_dpf_phase_a_us_total,p1_dpf_phase_a_us_total,p0_dpf_phase_b_us_total,p1_dpf_phase_b_us_total,p0_dpf_phase_c_us_total,p1_dpf_phase_c_us_total,p0_spfss_grouping_us_total,p1_spfss_grouping_us_total,p0_public_polynomial_exchange_us_total,p1_public_polynomial_exchange_us_total,p0_gpu_ringlpn_expansion_us_total,p1_gpu_ringlpn_expansion_us_total,p0_derandomization_openings_us_total,p1_derandomization_openings_us_total,p0_conversion_us_total,p1_conversion_us_total,p0_serialization_us_total,p1_serialization_us_total,p0_commit_us_total,p1_commit_us_total,p0_transport_straight_bytes_sent_total,p1_transport_straight_bytes_sent_total,p0_transport_straight_bytes_received_total,p1_transport_straight_bytes_received_total,p0_transport_reversed_bytes_sent_total,p1_transport_reversed_bytes_sent_total,p0_transport_reversed_bytes_received_total,p1_transport_reversed_bytes_received_total,p0_base_ots_total,p1_base_ots_total,p0_base_ot_setup_bytes_sent_total,p1_base_ot_setup_bytes_sent_total,p0_base_ot_setup_bytes_received_total,p1_base_ot_setup_bytes_received_total,p0_peak_host_rss_bytes_max,p1_peak_host_rss_bytes_max,p0_peak_gpu_bytes_max,p1_peak_gpu_bytes_max,p0_min_gpu_free_bytes_min,p1_min_gpu_free_bytes_min,p0_transport_bytes_include_base_ot,p1_transport_bytes_include_base_ot,p0_base_ot_setup_dependency_rounds,p1_base_ot_setup_dependency_rounds,checker_us_total,checker_peak_host_rss_bytes_max,checker_peak_gpu_bytes_max,checker_min_gpu_free_bytes_min,critical_path_protocol_dependency_rounds_total,critical_path_preflight_us_total,critical_path_ot_setup_us_total,critical_path_dpf_phase_a_us_total,critical_path_dpf_phase_b_us_total,critical_path_dpf_phase_c_us_total,critical_path_spfss_grouping_us_total,critical_path_public_polynomial_exchange_us_total,critical_path_gpu_ringlpn_expansion_us_total,critical_path_derandomization_openings_us_total,critical_path_conversion_us_total,critical_path_serialization_us_total,critical_path_commit_us_total,critical_path_preprocess_us_total,critical_path_setup_included_us_total,execution_status,full_model_status,workload_status,status
ringlpn.two-party-fc-model-scale.aggregate.v4,ringlpn.two-party-fc-model-scale.v6,2026-08-10,6bd5e24f5e18eb744458d4aaf86d42a823857bc134ac1d4be25c95d49cf3c984,718570af4bf7afa523d029dfddcf0f3dae9e554c9c6e26b744999df193956f72,799f39ad2cc347a7a59a3efbe14d6ff3eaaf9dc843219414dc36d3e0a75793a1,bf4e4f9052b7575dcb6bb506d73d9786f2906881a8a74425242aca11489a18dd,fc8699fb14c3db9ecafb50e7207fea9a3057d21217b38be972c6cf48ff28a3c9,fb519e51c5e427da315ba5660588f239fd9381a3a6ce299464a50a042d7b9e43,CNN2,1,fc4,0,warmup,layer_invocation,all-fc,2,1,0,2,4,1768,1768,452608,452608,4,4,633859180,608224876,569552,569552,569344,25460800,25460800,16033.8,641.137,16033.8,641.137,69211,69211,43.028,460.368,25680.9,25690.3,1676390,1676460,13512000,13512000,223417,223075,13057.8,13162.4,309718,308299,7765670,7799550,579138,492742,471768,471794,1548.06,1499.38,136.048,185.089,430935949,446994898,446994898,430935949,202945221,161251968,161251968,202945221,256,256,21829,21829,21829,21829,304590848,299876352,431095808,431095808,33395441664,33395441664,yes,yes,NA,NA,173295,134610944,433192960,33393344512,69211,460.368,25690.3,1676460,13512000,223417,13162.4,309718,7799550,579138,471794,1548.06,185.089,25460800,25486950.668,pass,FAIL_UNSUPPORTED,pass,pass
ringlpn.two-party-fc-model-scale.aggregate.v4,ringlpn.two-party-fc-model-scale.v6,2026-08-10,6bd5e24f5e18eb744458d4aaf86d42a823857bc134ac1d4be25c95d49cf3c984,718570af4bf7afa523d029dfddcf0f3dae9e554c9c6e26b744999df193956f72,799f39ad2cc347a7a59a3efbe14d6ff3eaaf9dc843219414dc36d3e0a75793a1,bf4e4f9052b7575dcb6bb506d73d9786f2906881a8a74425242aca11489a18dd,fc8699fb14c3db9ecafb50e7207fea9a3057d21217b38be972c6cf48ff28a3c9,fb519e51c5e427da315ba5660588f239fd9381a3a6ce299464a50a042d7b9e43,CNN2,1,fc4,1,measured,layer_invocation,all-fc,2,1,0,2,4,1768,1768,452608,452608,4,4,633859180,608224876,569552,569552,569344,25489500,25489500,15788.1,632.648,15788.1,632.648,69211,69211,212.681,86.142,20609.7,20603.1,1666490,1666640,13546100,13547800,227336,225264,13522.2,13943.7,305981,311864,7778590,7834620,584175,496088,475083,475104,1639.68,1691.78,155.557,102.902,430935949,446994898,446994898,430935949,202945221,161251968,161251968,202945221,256,256,21829,21829,21829,21829,305848320,300081152,431095808,431095808,33395441664,33395441664,yes,yes,NA,NA,178223,135483392,433192960,33393344512,69211,212.681,20609.7,1666640,13547800,227336,13943.7,311864,7834620,584175,475104,1691.78,155.557,25489500,25510322.381,pass,FAIL_UNSUPPORTED,pass,pass
ringlpn.two-party-fc-model-scale.aggregate.v4,ringlpn.two-party-fc-model-scale.v6,2026-08-10,6bd5e24f5e18eb744458d4aaf86d42a823857bc134ac1d4be25c95d49cf3c984,718570af4bf7afa523d029dfddcf0f3dae9e554c9c6e26b744999df193956f72,799f39ad2cc347a7a59a3efbe14d6ff3eaaf9dc843219414dc36d3e0a75793a1,bf4e4f9052b7575dcb6bb506d73d9786f2906881a8a74425242aca11489a18dd,fc8699fb14c3db9ecafb50e7207fea9a3057d21217b38be972c6cf48ff28a3c9,fb519e51c5e427da315ba5660588f239fd9381a3a6ce299464a50a042d7b9e43,CNN2,1,fc4,2,measured,layer_invocation,all-fc,2,1,0,2,4,1768,1768,452608,452608,4,4,633859180,608224876,569552,569552,569344,25492300,25492200,15421.9,648.924,15421.9,648.924,69211,69211,39.742,38.807,18302.7,18324.4,1670630,1670670,13544000,13546700,225533,222629,12989.3,13694,309151,312225,7771250,7829870,578016,495935,481837,481933,1722.73,1579.14,181.295,316.812,430935949,446994898,446994898,430935949,202945221,161251968,161251968,202945221,256,256,21829,21829,21829,21829,304996352,298344448,431095808,431095808,33395441664,33395441664,yes,yes,NA,NA,173953,134823936,433192960,33393344512,69211,39.742,18324.4,1670670,13546700,225533,13694,312225,7829870,578016,481933,1722.73,316.812,25492300,25510642.442,pass,FAIL_UNSUPPORTED,pass,pass
ringlpn.two-party-fc-model-scale.aggregate.v4,ringlpn.two-party-fc-model-scale.v6,2026-08-10,6bd5e24f5e18eb744458d4aaf86d42a823857bc134ac1d4be25c95d49cf3c984,718570af4bf7afa523d029dfddcf0f3dae9e554c9c6e26b744999df193956f72,799f39ad2cc347a7a59a3efbe14d6ff3eaaf9dc843219414dc36d3e0a75793a1,bf4e4f9052b7575dcb6bb506d73d9786f2906881a8a74425242aca11489a18dd,fc8699fb14c3db9ecafb50e7207fea9a3057d21217b38be972c6cf48ff28a3c9,fb519e51c5e427da315ba5660588f239fd9381a3a6ce299464a50a042d7b9e43,CNN2,1,fc4,3,measured,layer_invocation,all-fc,2,1,0,2,4,1768,1768,452608,452608,4,4,633859180,608224876,569552,569552,569344,25399600,25399600,15809.1,644.389,15809.1,644.389,69211,69211,40.156,225.057,19553.9,19562,1672990,1673010,13452100,13453000,224329,223081,13194.2,13505.5,304801,310791,7751160,7799570,573987,491586,486239,486270,1699.98,1702.25,184.536,180.091,430935949,446994898,446994898,430935949,202945221,161251968,161251968,202945221,256,256,21829,21829,21829,21829,305975296,299958272,431095808,431095808,33395441664,33395441664,yes,yes,NA,NA,171603,134393856,433192960,33393344512,69211,225.057,19562,1673010,13453000,224329,13505.5,310791,7799570,573987,486270,1702.25,184.536,25399600,25419387.057,pass,FAIL_UNSUPPORTED,pass,pass
ringlpn.two-party-fc-model-scale.aggregate.v4,ringlpn.two-party-fc-model-scale.v6,2026-08-10,6bd5e24f5e18eb744458d4aaf86d42a823857bc134ac1d4be25c95d49cf3c984,718570af4bf7afa523d029dfddcf0f3dae9e554c9c6e26b744999df193956f72,799f39ad2cc347a7a59a3efbe14d6ff3eaaf9dc843219414dc36d3e0a75793a1,bf4e4f9052b7575dcb6bb506d73d9786f2906881a8a74425242aca11489a18dd,fc8699fb14c3db9ecafb50e7207fea9a3057d21217b38be972c6cf48ff28a3c9,fb519e51c5e427da315ba5660588f239fd9381a3a6ce299464a50a042d7b9e43,CNN2,1,fc4,4,measured,layer_invocation,all-fc,2,1,0,2,4,1768,1768,452608,452608,4,4,633859180,608224876,569552,569552,569344,25411300,25411300,15649.9,635.684,15649.9,635.684,69211,69211,119.942,50.458,20093.2,20095.1,1669850,1669860,13438300,13438800,223694,223665,12831.8,13766.8,304606,308093,7801700,7825820,578056,495320,488224,488197,1682.62,1726.43,299.685,246.259,430935949,446994898,446994898,430935949,202945221,161251968,161251968,202945221,256,256,21829,21829,21829,21829,306573312,299069440,431095808,431095808,33395441664,33395441664,yes,yes,NA,NA,171464,135008256,433192960,33393344512,69211,119.942,20095.1,1669860,13438800,223694,13766.8,308093,7825820,578056,488224,1726.43,299.685,25411300,25431513.142,pass,FAIL_UNSUPPORTED,pass,pass
ringlpn.two-party-fc-model-scale.aggregate.v4,ringlpn.two-party-fc-model-scale.v6,2026-08-10,6bd5e24f5e18eb744458d4aaf86d42a823857bc134ac1d4be25c95d49cf3c984,718570af4bf7afa523d029dfddcf0f3dae9e554c9c6e26b744999df193956f72,799f39ad2cc347a7a59a3efbe14d6ff3eaaf9dc843219414dc36d3e0a75793a1,bf4e4f9052b7575dcb6bb506d73d9786f2906881a8a74425242aca11489a18dd,fc8699fb14c3db9ecafb50e7207fea9a3057d21217b38be972c6cf48ff28a3c9,fb519e51c5e427da315ba5660588f239fd9381a3a6ce299464a50a042d7b9e43,CNN2,1,fc4,5,measured,layer_invocation,all-fc,2,1,0,2,4,1768,1768,452608,452608,4,4,633859180,608224876,569552,569552,569344,25512100,25512000,15988.9,641.809,15988.9,641.809,69211,69211,39.829,56.773,19329.9,19338.9,1669950,1670110,13561400,13563800,224428,221837,12978.3,13853.6,304252,310062,7778820,7805940,575218,492124,479940,480028,1618.02,1521.63,256.948,340.13,430935949,446994898,446994898,430935949,202945221,161251968,161251968,202945221,256,256,21829,21829,21829,21829,305610752,298496000,431095808,431095808,33395441664,33395441664,yes,yes,NA,NA,172913,135049216,433192960,33393344512,69211,56.773,19338.9,1670110,13563800,224428,13853.6,310062,7805940,575218,480028,1618.02,340.13,25512100,25531469.729,pass,FAIL_UNSUPPORTED,pass,pass
ringlpn.two-party-fc-model-scale.aggregate.v4,ringlpn.two-party-fc-model-scale.v6,2026-08-10,6bd5e24f5e18eb744458d4aaf86d42a823857bc134ac1d4be25c95d49cf3c984,718570af4bf7afa523d029dfddcf0f3dae9e554c9c6e26b744999df193956f72,799f39ad2cc347a7a59a3efbe14d6ff3eaaf9dc843219414dc36d3e0a75793a1,bf4e4f9052b7575dcb6bb506d73d9786f2906881a8a74425242aca11489a18dd,fc8699fb14c3db9ecafb50e7207fea9a3057d21217b38be972c6cf48ff28a3c9,fb519e51c5e427da315ba5660588f239fd9381a3a6ce299464a50a042d7b9e43,CNN2,1,fc4,6,measured,layer_invocation,all-fc,2,1,0,2,4,1768,1768,452608,452608,4,4,633859180,608224876,569552,569552,569344,25352300,25352300,15359.4,637.057,15359.4,637.057,69211,69211,33.219,47.829,21424.6,21429.5,1678120,1678040,13449900,13451700,225181,223230,12703.2,13250.5,303292,309262,7773080,7808920,573887,490890,478703,478818,1706.09,1702.45,156.36,153.14,430935949,446994898,446994898,430935949,202945221,161251968,161251968,202945221,256,256,21829,21829,21829,21829,304168960,298872832,431095808,431095808,33395441664,33395441664,yes,yes,NA,NA,173311,134545408,433192960,33393344512,69211,47.829,21429.5,1678120,13451700,225181,13250.5,309262,7808920,573887,478818,1706.09,156.36,25352300,25373777.329,pass,FAIL_UNSUPPORTED,pass,pass
ringlpn.two-party-fc-model-scale.aggregate.v4,ringlpn.two-party-fc-model-scale.v6,2026-08-10,6bd5e24f5e18eb744458d4aaf86d42a823857bc134ac1d4be25c95d49cf3c984,718570af4bf7afa523d029dfddcf0f3dae9e554c9c6e26b744999df193956f72,799f39ad2cc347a7a59a3efbe14d6ff3eaaf9dc843219414dc36d3e0a75793a1,bf4e4f9052b7575dcb6bb506d73d9786f2906881a8a74425242aca11489a18dd,fc8699fb14c3db9ecafb50e7207fea9a3057d21217b38be972c6cf48ff28a3c9,fb519e51c5e427da315ba5660588f239fd9381a3a6ce299464a50a042d7b9e43,CNN2,1,fc4,7,measured,layer_invocation,all-fc,2,1,0,2,4,1768,1768,452608,452608,4,4,633859180,608224876,569552,569552,569344,25463800,25463800,15564.1,642.394,15564.1,642.394,69211,69211,42.584,152.949,24994.7,24973,1680140,1679980,13490800,13492800,224489,222290,13053.3,13806.9,305076,310394,7782470,7821440,576241,493417,465726,465748,1920.03,1929.78,193.443,174.569,430935949,446994898,446994898,430935949,202945221,161251968,161251968,202945221,256,256,21829,21829,21829,21829,306089984,299028480,431095808,431095808,33395441664,33395441664,yes,yes,NA,NA,174909,134705152,433192960,33393344512,69211,152.949,24994.7,1680140,13492800,224489,13806.9,310394,7821440,576241,465748,1929.78,193.443,25463800,25488925.949,pass,FAIL_UNSUPPORTED,pass,pass
ringlpn.two-party-fc-model-scale.aggregate.v4,ringlpn.two-party-fc-model-scale.v6,2026-08-10,6bd5e24f5e18eb744458d4aaf86d42a823857bc134ac1d4be25c95d49cf3c984,718570af4bf7afa523d029dfddcf0f3dae9e554c9c6e26b744999df193956f72,799f39ad2cc347a7a59a3efbe14d6ff3eaaf9dc843219414dc36d3e0a75793a1,bf4e4f9052b7575dcb6bb506d73d9786f2906881a8a74425242aca11489a18dd,fc8699fb14c3db9ecafb50e7207fea9a3057d21217b38be972c6cf48ff28a3c9,fb519e51c5e427da315ba5660588f239fd9381a3a6ce299464a50a042d7b9e43,CNN2,1,fc4,8,measured,layer_invocation,all-fc,2,1,0,2,4,1768,1768,452608,452608,4,4,633859180,608224876,569552,569552,569344,25471000,25471000,15818.1,639.846,15818.1,639.846,69211,69211,31.251,59.053,26314.8,26312.6,1669720,1669790,13466600,13467800,222625,221205,13404.6,13682.8,305465,307170,7788150,7823680,576149,493995,487843,487921,1677.85,1672.42,166.955,159.865,430935949,446994898,446994898,430935949,202945221,161251968,161251968,202945221,256,256,21829,21829,21829,21829,306180096,298373120,431095808,431095808,33395441664,33395441664,yes,yes,NA,NA,174041,135147520,433192960,33393344512,69211,59.053,26314.8,1669790,13467800,222625,13682.8,307170,7823680,576149,487921,1677.85,166.955,25471000,25497371.653,pass,FAIL_UNSUPPORTED,pass,pass
ringlpn.two-party-fc-model-scale.aggregate.v4,ringlpn.two-party-fc-model-scale.v6,2026-08-10,6bd5e24f5e18eb744458d4aaf86d42a823857bc134ac1d4be25c95d49cf3c984,718570af4bf7afa523d029dfddcf0f3dae9e554c9c6e26b744999df193956f72,799f39ad2cc347a7a59a3efbe14d6ff3eaaf9dc843219414dc36d3e0a75793a1,bf4e4f9052b7575dcb6bb506d73d9786f2906881a8a74425242aca11489a18dd,fc8699fb14c3db9ecafb50e7207fea9a3057d21217b38be972c6cf48ff28a3c9,fb519e51c5e427da315ba5660588f239fd9381a3a6ce299464a50a042d7b9e43,CNN2,1,fc4,9,measured,layer_invocation,all-fc,2,1,0,2,4,1768,1768,452608,452608,4,4,633859180,608224876,569552,569552,569344,25412400,25410700,14547,643.653,14547,643.653,69211,69211,40.497,234.566,21583.5,23298.2,1669330,1669460,13473400,13474100,228674,227806,13205.4,13466.1,305693,310014,7793370,7805800,578596,494235,471156,471169,1706.43,1708.57,172.807,165.672,430935949,446994898,446994898,430935949,202945221,161251968,161251968,202945221,256,256,21829,21829,21829,21829,306728960,299782144,431095808,431095808,33395441664,33395441664,yes,yes,NA,NA,174697,135032832,433192960,33393344512,69211,234.566,23298.2,1669460,13474100,228674,13466.1,310014,7805800,578596,471169,1708.57,172.807,25412400,25434232.766,pass,FAIL_UNSUPPORTED,pass,pass
ringlpn.two-party-fc-model-scale.aggregate.v4,ringlpn.two-party-fc-model-scale.v6,2026-08-10,6bd5e24f5e18eb744458d4aaf86d42a823857bc134ac1d4be25c95d49cf3c984,718570af4bf7afa523d029dfddcf0f3dae9e554c9c6e26b744999df193956f72,799f39ad2cc347a7a59a3efbe14d6ff3eaaf9dc843219414dc36d3e0a75793a1,bf4e4f9052b7575dcb6bb506d73d9786f2906881a8a74425242aca11489a18dd,fc8699fb14c3db9ecafb50e7207fea9a3057d21217b38be972c6cf48ff28a3c9,fb519e51c5e427da315ba5660588f239fd9381a3a6ce299464a50a042d7b9e43,CNN2,1,fc4,10,measured,layer_invocation,all-fc,2,1,0,2,4,1768,1768,452608,452608,4,4,633859180,608224876,569552,569552,569344,25466400,25466300,15777.4,638.814,15777.4,638.814,69211,69211,40.327,172.404,23823,23837.5,1679310,1679250,13512800,13515600,227315,224489,13638.7,14151.7,306943,311576,7778950,7804060,577223,492725,485157,485145,1941.72,1942.52,168.979,166.543,430935949,446994898,446994898,430935949,202945221,161251968,161251968,202945221,256,256,21829,21829,21829,21829,304795648,298196992,431095808,431095808,33395441664,33395441664,yes,yes,NA,NA,172235,134799360,433192960,33393344512,69211,172.404,23837.5,1679310,13515600,227315,14151.7,311576,7804060,577223,485157,1942.52,168.979,25466400,25490309.904,pass,FAIL_UNSUPPORTED,pass,pass
ringlpn.two-party-fc-model-scale.aggregate.v4,ringlpn.two-party-fc-model-scale.v6,2026-08-10,6bd5e24f5e18eb744458d4aaf86d42a823857bc134ac1d4be25c95d49cf3c984,718570af4bf7afa523d029dfddcf0f3dae9e554c9c6e26b744999df193956f72,799f39ad2cc347a7a59a3efbe14d6ff3eaaf9dc843219414dc36d3e0a75793a1,bf4e4f9052b7575dcb6bb506d73d9786f2906881a8a74425242aca11489a18dd,fc8699fb14c3db9ecafb50e7207fea9a3057d21217b38be972c6cf48ff28a3c9,fb519e51c5e427da315ba5660588f239fd9381a3a6ce299464a50a042d7b9e43,CNN2,1,fc5,0,warmup,layer_invocation,all-fc,2,1,0,2,4,72,72,18432,18432,4,4,31253380,29415300,120848,120848,120640,1380460,1380470,14642.5,345.598,14642.5,345.598,3067,3067,360.704,35.433,23714,23701.9,69648.7,69647.3,574154,574379,16833.8,16614.5,435.712,534.639,12528.4,13659.3,316034,323374,22059.1,18983.1,41938.5,41957.7,728.991,724.412,153.999,148.402,20874917,22832314,22832314,20874917,10400453,6604976,6604976,10400453,256,256,21829,21829,21829,21829,136744960,137129984,431095808,431095808,33395441664,33395441664,yes,yes,NA,NA,160934,129564672,433192960,33393344512,3067,360.704,23714,69648.7,574379,16833.8,534.639,13659.3,323374,22059.1,41957.7,728.991,153.999,1380470,1404534.704,pass,FAIL_UNSUPPORTED,pass,pass
ringlpn.two-party-fc-model-scale.aggregate.v4,ringlpn.two-party-fc-model-scale.v6,2026-08-10,6bd5e24f5e18eb744458d4aaf86d42a823857bc134ac1d4be25c95d49cf3c984,718570af4bf7afa523d029dfddcf0f3dae9e554c9c6e26b744999df193956f72,799f39ad2cc347a7a59a3efbe14d6ff3eaaf9dc843219414dc36d3e0a75793a1,bf4e4f9052b7575dcb6bb506d73d9786f2906881a8a74425242aca11489a18dd,fc8699fb14c3db9ecafb50e7207fea9a3057d21217b38be972c6cf48ff28a3c9,fb519e51c5e427da315ba5660588f239fd9381a3a6ce299464a50a042d7b9e43,CNN2,1,fc5,1,measured,layer_invocation,all-fc,2,1,0,2,4,72,72,18432,18432,4,4,31253380,29415300,120848,120848,120640,1381250,1381250,14781.5,345.947,14781.5,345.947,3067,3067,38.668,196.971,18879.9,18881.8,69854.5,69862.4,551152,551458,18257.6,17939,420.643,460.751,12339.7,16942.3,314734,316863,22141.1,19391,40066.7,40023.5,723.341,730.093,206.296,200.076,20874917,22832314,22832314,20874917,10400453,6604976,6604976,10400453,256,256,21829,21829,21829,21829,137043968,137347072,431095808,431095808,33395441664,33395441664,yes,yes,NA,NA,162560,129687552,433192960,33393344512,3067,196.971,18881.8,69862.4,551458,18257.6,460.751,16942.3,316863,22141.1,40066.7,730.093,206.296,1381250,1400328.771,pass,FAIL_UNSUPPORTED,pass,pass
ringlpn.two-party-fc-model-scale.aggregate.v4,ringlpn.two-party-fc-model-scale.v6,2026-08-10,6bd5e24f5e18eb744458d4aaf86d42a823857bc134ac1d4be25c95d49cf3c984,718570af4bf7afa523d029dfddcf0f3dae9e554c9c6e26b744999df193956f72,799f39ad2cc347a7a59a3efbe14d6ff3eaaf9dc843219414dc36d3e0a75793a1,bf4e4f9052b7575dcb6bb506d73d9786f2906881a8a74425242aca11489a18dd,fc8699fb14c3db9ecafb50e7207fea9a3057d21217b38be972c6cf48ff28a3c9,fb519e51c5e427da315ba5660588f239fd9381a3a6ce299464a50a042d7b9e43,CNN2,1,fc5,2,measured,layer_invocation,all-fc,2,1,0,2,4,72,72,18432,18432,4,4,31253380,29415300,120848,120848,120640,1394390,1394390,14868.7,344.326,14868.7,344.326,3067,3067,49.456,345.383,18971,18977,68482.2,68896.6,559750,559319,18436,18441.7,502.837,431.346,12926.7,12617.4,320506,316018,22619.4,19667.7,43081.5,43096.8,682.8,686.269,160.097,155.112,20874917,22832314,22832314,20874917,10400453,6604976,6604976,10400453,256,256,21829,21829,21829,21829,138219520,137064448,431095808,431095808,33395441664,33395441664,yes,yes,NA,NA,165098,129794048,433192960,33393344512,3067,345.383,18977,68896.6,559750,18441.7,502.837,12926.7,320506,22619.4,43096.8,686.269,160.097,1394390,1413712.383,pass,FAIL_UNSUPPORTED,pass,pass
ringlpn.two-party-fc-model-scale.aggregate.v4,ringlpn.two-party-fc-model-scale.v6,2026-08-10,6bd5e24f5e18eb744458d4aaf86d42a823857bc134ac1d4be25c95d49cf3c984,718570af4bf7afa523d029dfddcf0f3dae9e554c9c6e26b744999df193956f72,799f39ad2cc347a7a59a3efbe14d6ff3eaaf9dc843219414dc36d3e0a75793a1,bf4e4f9052b7575dcb6bb506d73d9786f2906881a8a74425242aca11489a18dd,fc8699fb14c3db9ecafb50e7207fea9a3057d21217b38be972c6cf48ff28a3c9,fb519e51c5e427da315ba5660588f239fd9381a3a6ce299464a50a042d7b9e43,CNN2,1,fc5,3,measured,layer_invocation,all-fc,2,1,0,2,4,72,72,18432,18432,4,4,31253380,29415300,120848,120848,120640,1404110,1404100,15158.7,348.441,15158.7,348.441,3067,3067,36.987,39.214,19714.5,19726.9,69548.8,69549.6,554670,554802,16882.1,16753.7,439.807,481.496,16032.9,12758.3,314699,325225,23477.9,20272.1,39495.1,39505.2,887.543,890.11,190.523,185.933,20874917,22832314,22832314,20874917,10400453,6604976,6604976,10400453,256,256,21829,21829,21829,21829,136966144,137314304,431095808,431095808,33395441664,33395441664,yes,yes,NA,NA,160590,129654784,433192960,33393344512,3067,39.214,19726.9,69549.6,554802,16882.1,481.496,16032.9,325225,23477.9,39505.2,890.11,190.523,1404110,1423866.114,pass,FAIL_UNSUPPORTED,pass,pass
ringlpn.two-party-fc-model-scale.aggregate.v4,ringlpn.two-party-fc-model-scale.v6,2026-08-10,6bd5e24f5e18eb744458d4aaf86d42a823857bc134ac1d4be25c95d49cf3c984,718570af4bf7afa523d029dfddcf0f3dae9e554c9c6e26b744999df193956f72,799f39ad2cc347a7a59a3efbe14d6ff3eaaf9dc843219414dc36d3e0a75793a1,bf4e4f9052b7575dcb6bb506d73d9786f2906881a8a74425242aca11489a18dd,fc8699fb14c3db9ecafb50e7207fea9a3057d21217b38be972c6cf48ff28a3c9,fb519e51c5e427da315ba5660588f239fd9381a3a6ce299464a50a042d7b9e43,CNN2,1,fc5,4,measured,layer_invocation,all-fc,2,1,0,2,4,72,72,18432,18432,4,4,31253380,29415300,120848,120848,120640,1402440,1402430,14919.9,347.554,14919.9,347.554,3067,3067,33.888,53.748,19152.3,19160.2,67351.8,67338.3,565934,565895,16724.2,16752.8,450.819,446.437,17888,13082.3,318343,317223,22321.7,19533.6,39078.8,39088.6,781.495,778.796,155.333,149.077,20874917,22832314,22832314,20874917,10400453,6604976,6604976,10400453,256,256,21829,21829,21829,21829,137043968,137273344,431095808,431095808,33395441664,33395441664,yes,yes,NA,NA,160101,130027520,433192960,33393344512,3067,53.748,19160.2,67351.8,565934,16752.8,450.819,17888,318343,22321.7,39088.6,781.495,155.333,1402440,1421643.948,pass,FAIL_UNSUPPORTED,pass,pass
ringlpn.two-party-fc-model-scale.aggregate.v4,ringlpn.two-party-fc-model-scale.v6,2026-08-10,6bd5e24f5e18eb744458d4aaf86d42a823857bc134ac1d4be25c95d49cf3c984,718570af4bf7afa523d029dfddcf0f3dae9e554c9c6e26b744999df193956f72,799f39ad2cc347a7a59a3efbe14d6ff3eaaf9dc843219414dc36d3e0a75793a1,bf4e4f9052b7575dcb6bb506d73d9786f2906881a8a74425242aca11489a18dd,fc8699fb14c3db9ecafb50e7207fea9a3057d21217b38be972c6cf48ff28a3c9,fb519e51c5e427da315ba5660588f239fd9381a3a6ce299464a50a042d7b9e43,CNN2,1,fc5,5,measured,layer_invocation,all-fc,2,1,0,2,4,72,72,18432,18432,4,4,31253380,29415300,120848,120848,120640,1382800,1382810,14828,345.402,14828,345.402,3067,3067,45.733,155.45,20338.5,20339.3,69682.7,69671.7,557601,557523,17353.3,17413.3,466.71,424.078,12551.6,15341.1,316192,320868,22652.4,19436,38346.9,38358.2,697.666,702.572,153.957,149.708,20874917,22832314,22832314,20874917,10400453,6604976,6604976,10400453,256,256,21829,21829,21829,21829,137502720,137412608,431095808,431095808,33395441664,33395441664,yes,yes,NA,NA,160411,129925120,433192960,33393344512,3067,155.45,20339.3,69682.7,557601,17413.3,466.71,15341.1,320868,22652.4,38358.2,702.572,153.957,1382810,1403304.75,pass,FAIL_UNSUPPORTED,pass,pass
ringlpn.two-party-fc-model-scale.aggregate.v4,ringlpn.two-party-fc-model-scale.v6,2026-08-10,6bd5e24f5e18eb744458d4aaf86d42a823857bc134ac1d4be25c95d49cf3c984,718570af4bf7afa523d029dfddcf0f3dae9e554c9c6e26b744999df193956f72,799f39ad2cc347a7a59a3efbe14d6ff3eaaf9dc843219414dc36d3e0a75793a1,bf4e4f9052b7575dcb6bb506d73d9786f2906881a8a74425242aca11489a18dd,fc8699fb14c3db9ecafb50e7207fea9a3057d21217b38be972c6cf48ff28a3c9,fb519e51c5e427da315ba5660588f239fd9381a3a6ce299464a50a042d7b9e43,CNN2,1,fc5,6,measured,layer_invocation,all-fc,2,1,0,2,4,72,72,18432,18432,4,4,31253380,29415300,120848,120848,120640,1376130,1376190,14769.9,343.597,14769.9,343.597,3067,3067,36.264,29.152,19771.2,19710.5,69372.2,69379.3,550475,550522,16115.8,16076.5,418.125,442.877,16427.4,13512,315449,316294,22494.5,20284.4,40293.8,40308.5,769.462,769.175,153.211,151.713,20874917,22832314,22832314,20874917,10400453,6604976,6604976,10400453,256,256,21829,21829,21829,21829,137633792,136507392,431095808,431095808,33395441664,33395441664,yes,yes,NA,NA,161324,129916928,433192960,33393344512,3067,36.264,19771.2,69379.3,550522,16115.8,442.877,16427.4,316294,22494.5,40308.5,769.462,153.211,1376190,1395937.464,pass,FAIL_UNSUPPORTED,pass,pass
ringlpn.two-party-fc-model-scale.aggregate.v4,ringlpn.two-party-fc-model-scale.v6,2026-08-10,6bd5e24f5e18eb744458d4aaf86d42a823857bc134ac1d4be25c95d49cf3c984,718570af4bf7afa523d029dfddcf0f3dae9e554c9c6e26b744999df193956f72,799f39ad2cc347a7a59a3efbe14d6ff3eaaf9dc843219414dc36d3e0a75793a1,bf4e4f9052b7575dcb6bb506d73d9786f2906881a8a74425242aca11489a18dd,fc8699fb14c3db9ecafb50e7207fea9a3057d21217b38be972c6cf48ff28a3c9,fb519e51c5e427da315ba5660588f239fd9381a3a6ce299464a50a042d7b9e43,CNN2,1,fc5,7,measured,layer_invocation,all-fc,2,1,0,2,4,72,72,18432,18432,4,4,31253380,29415300,120848,120848,120640,1415160,1415190,15083,342.573,15083,342.573,3067,3067,35.508,18.159,21745.8,21709.3,69859.4,69862.6,572703,572929,16290,16064.7,426.736,475.353,12314,17238.7,317423,320006,23097.8,20561.2,42222,42234.1,699.297,702.533,170.959,164.74,20874917,22832314,22832314,20874917,10400453,6604976,6604976,10400453,256,256,21829,21829,21829,21829,137080832,137261056,431095808,431095808,33395441664,33395441664,yes,yes,NA,NA,161887,129925120,433192960,33393344512,3067,35.508,21745.8,69862.6,572929,16290,475.353,17238.7,320006,23097.8,42234.1,702.533,170.959,1415190,1436941.308,pass,FAIL_UNSUPPORTED,pass,pass
ringlpn.two-party-fc-model-scale.aggregate.v4,ringlpn.two-party-fc-model-scale.v6,2026-08-10,6bd5e24f5e18eb744458d4aaf86d42a823857bc134ac1d4be25c95d49cf3c984,718570af4bf7afa523d029dfddcf0f3dae9e554c9c6e26b744999df193956f72,799f39ad2cc347a7a59a3efbe14d6ff3eaaf9dc843219414dc36d3e0a75793a1,bf4e4f9052b7575dcb6bb506d73d9786f2906881a8a74425242aca11489a18dd,fc8699fb14c3db9ecafb50e7207fea9a3057d21217b38be972c6cf48ff28a3c9,fb519e51c5e427da315ba5660588f239fd9381a3a6ce299464a50a042d7b9e43,CNN2,1,fc5,8,measured,layer_invocation,all-fc,2,1,0,2,4,72,72,18432,18432,4,4,31253380,29415300,120848,120848,120640,1367700,1367710,14965.8,346.351,14965.8,346.351,3067,3067,51.994,319.957,22643.2,22644.1,67028.7,67022.6,553722,553993,16053.1,15793,417.439,461.942,12219.3,12256.7,316379,319763,21918.3,18954.8,37459.8,37470.1,670.184,673.756,161.26,155.066,20874917,22832314,22832314,20874917,10400453,6604976,6604976,10400453,256,256,21829,21829,21829,21829,137441280,137105408,431095808,431095808,33395441664,33395441664,yes,yes,NA,NA,162817,129601536,433192960,33393344512,3067,319.957,22644.1,67028.7,553993,16053.1,461.942,12256.7,319763,21918.3,37470.1,673.756,161.26,1367710,1390674.057,pass,FAIL_UNSUPPORTED,pass,pass
ringlpn.two-party-fc-model-scale.aggregate.v4,ringlpn.two-party-fc-model-scale.v6,2026-08-10,6bd5e24f5e18eb744458d4aaf86d42a823857bc134ac1d4be25c95d49cf3c984,718570af4bf7afa523d029dfddcf0f3dae9e554c9c6e26b744999df193956f72,799f39ad2cc347a7a59a3efbe14d6ff3eaaf9dc843219414dc36d3e0a75793a1,bf4e4f9052b7575dcb6bb506d73d9786f2906881a8a74425242aca11489a18dd,fc8699fb14c3db9ecafb50e7207fea9a3057d21217b38be972c6cf48ff28a3c9,fb519e51c5e427da315ba5660588f239fd9381a3a6ce299464a50a042d7b9e43,CNN2,1,fc5,9,measured,layer_invocation,all-fc,2,1,0,2,4,72,72,18432,18432,4,4,31253380,29415300,120848,120848,120640,1407220,1407220,14771.7,344.272,14771.7,344.272,3067,3067,41.617,88.112,19686.8,19688.2,69968,69955,566942,567202,17231.8,16989.1,425.809,478.168,15077,13327.5,316409,322855,22361,20008,43856.5,43869.4,751.727,753.06,151.09,149.509,20874917,22832314,22832314,20874917,10400453,6604976,6604976,10400453,256,256,21829,21829,21829,21829,137773056,136466432,431095808,431095808,33395441664,33395441664,yes,yes,NA,NA,160842,130064384,433192960,33393344512,3067,88.112,19688.2,69968,567202,17231.8,478.168,15077,322855,22361,43869.4,753.06,151.09,1407220,1426996.312,pass,FAIL_UNSUPPORTED,pass,pass
ringlpn.two-party-fc-model-scale.aggregate.v4,ringlpn.two-party-fc-model-scale.v6,2026-08-10,6bd5e24f5e18eb744458d4aaf86d42a823857bc134ac1d4be25c95d49cf3c984,718570af4bf7afa523d029dfddcf0f3dae9e554c9c6e26b744999df193956f72,799f39ad2cc347a7a59a3efbe14d6ff3eaaf9dc843219414dc36d3e0a75793a1,bf4e4f9052b7575dcb6bb506d73d9786f2906881a8a74425242aca11489a18dd,fc8699fb14c3db9ecafb50e7207fea9a3057d21217b38be972c6cf48ff28a3c9,fb519e51c5e427da315ba5660588f239fd9381a3a6ce299464a50a042d7b9e43,CNN2,1,fc5,10,measured,layer_invocation,all-fc,2,1,0,2,4,72,72,18432,18432,4,4,31253380,29415300,120848,120848,120640,1389520,1389520,14798.6,346.237,14798.6,346.237,3067,3067,19.906,16.139,27526,27525.2,67756.4,67756.5,553439,553537,16432,16314.8,434.837,471.863,15926.2,13294.4,314764,318540,22466.5,19949.7,44233.1,44241.5,683.93,685.957,139.602,139.19,20874917,22832314,22832314,20874917,10400453,6604976,6604976,10400453,256,256,21829,21829,21829,21829,137691136,136671232,431095808,431095808,33395441664,33395441664,yes,yes,NA,NA,159519,129462272,433192960,33393344512,3067,19.906,27526,67756.5,553537,16432,471.863,15926.2,318540,22466.5,44241.5,685.957,139.602,1389520,1417065.906,pass,FAIL_UNSUPPORTED,pass,pass
ringlpn.two-party-fc-model-scale.aggregate.v4,ringlpn.two-party-fc-model-scale.v6,2026-08-10,6bd5e24f5e18eb744458d4aaf86d42a823857bc134ac1d4be25c95d49cf3c984,718570af4bf7afa523d029dfddcf0f3dae9e554c9c6e26b744999df193956f72,799f39ad2cc347a7a59a3efbe14d6ff3eaaf9dc843219414dc36d3e0a75793a1,bf4e4f9052b7575dcb6bb506d73d9786f2906881a8a74425242aca11489a18dd,fc8699fb14c3db9ecafb50e7207fea9a3057d21217b38be972c6cf48ff28a3c9,fb519e51c5e427da315ba5660588f239fd9381a3a6ce299464a50a042d7b9e43,CNN3,5,fc5,0,warmup,layer_invocation,all-fc,1,1,0,3,4,36,36,9216,9216,4,4,20635292,18797212,64528,64528,64320,894544,894524,14914.1,212.912,14914.1,212.912,1663,1663,109.422,191.694,23740.4,23768.8,34072.2,34070.9,282178,282239,13908.4,13842.1,192.919,220.355,6410.11,10745.7,158646,160908,11307.9,10050.7,40160.2,40186.4,614.395,616.682,152.495,145.596,13353405,15481298,15481298,13353405,7303877,3337904,3337904,7303877,256,256,21829,21829,21829,21829,137240576,136896512,431095808,431095808,33395441664,33395441664,yes,yes,NA,NA,159936,129077248,433192960,33393344512,1663,191.694,23768.8,34072.2,282239,13908.4,220.355,10745.7,160908,11307.9,40186.4,616.682,152.495,894544,918484.494,pass,FAIL_UNSUPPORTED,pass,pass
ringlpn.two-party-fc-model-scale.aggregate.v4,ringlpn.two-party-fc-model-scale.v6,2026-08-10,6bd5e24f5e18eb744458d4aaf86d42a823857bc134ac1d4be25c95d49cf3c984,718570af4bf7afa523d029dfddcf0f3dae9e554c9c6e26b744999df193956f72,799f39ad2cc347a7a59a3efbe14d6ff3eaaf9dc843219414dc36d3e0a75793a1,bf4e4f9052b7575dcb6bb506d73d9786f2906881a8a74425242aca11489a18dd,fc8699fb14c3db9ecafb50e7207fea9a3057d21217b38be972c6cf48ff28a3c9,fb519e51c5e427da315ba5660588f239fd9381a3a6ce299464a50a042d7b9e43,CNN3,5,fc5,1,measured,layer_invocation,all-fc,1,1,0,3,4,36,36,9216,9216,4,4,20635292,18797212,64528,64528,64320,887278,887175,14943.1,212.962,14943.1,212.962,1663,1663,38.977,230.163,20629.1,20739.8,35348.9,35342,294520,294503,11950.9,11969.4,223.559,215.669,9408.28,6162.73,158764,157476,11149,9376.3,38080.1,38110.6,722.028,726.997,162.176,157.574,13353405,15481298,15481298,13353405,7303877,3337904,3337904,7303877,256,256,21829,21829,21829,21829,137506816,136654848,431095808,431095808,33395441664,33395441664,yes,yes,NA,NA,164168,128872448,433192960,33393344512,1663,230.163,20739.8,35348.9,294520,11969.4,223.559,9408.28,158764,11149,38110.6,726.997,162.176,887278,908144.963,pass,FAIL_UNSUPPORTED,pass,pass
ringlpn.two-party-fc-model-scale.aggregate.v4,ringlpn.two-party-fc-model-scale.v6,2026-08-10,6bd5e24f5e18eb744458d4aaf86d42a823857bc134ac1d4be25c95d49cf3c984,718570af4bf7afa523d029dfddcf0f3dae9e554c9c6e26b744999df193956f72,799f39ad2cc347a7a59a3efbe14d6ff3eaaf9dc843219414dc36d3e0a75793a1,bf4e4f9052b7575dcb6bb506d73d9786f2906881a8a74425242aca11489a18dd,fc8699fb14c3db9ecafb50e7207fea9a3057d21217b38be972c6cf48ff28a3c9,fb519e51c5e427da315ba5660588f239fd9381a3a6ce299464a50a042d7b9e43,CNN3,5,fc5,2,measured,layer_invocation,all-fc,1,1,0,3,4,36,36,9216,9216,4,4,20635292,18797212,64528,64528,64320,889706,889733,14515.6,213.323,14515.6,213.323,1663,1663,38.673,18.319,21812.2,21782.5,36334.7,36328.9,284649,284572,13649.8,13716.1,242.063,220.86,6480.04,6738.08,159985,161307,11513.9,10191,41562.9,41587.8,719.262,720.065,122.279,116.401,13353405,15481298,15481298,13353405,7303877,3337904,3337904,7303877,256,256,21829,21829,21829,21829,136519680,137474048,431095808,431095808,33395441664,33395441664,yes,yes,NA,NA,163395,129208320,433192960,33393344512,1663,38.673,21812.2,36334.7,284649,13716.1,242.063,6738.08,161307,11513.9,41587.8,720.065,122.279,889733,911556.873,pass,FAIL_UNSUPPORTED,pass,pass
ringlpn.two-party-fc-model-scale.aggregate.v4,ringlpn.two-party-fc-model-scale.v6,2026-08-10,6bd5e24f5e18eb744458d4aaf86d42a823857bc134ac1d4be25c95d49cf3c984,718570af4bf7afa523d029dfddcf0f3dae9e554c9c6e26b744999df193956f72,799f39ad2cc347a7a59a3efbe14d6ff3eaaf9dc843219414dc36d3e0a75793a1,bf4e4f9052b7575dcb6bb506d73d9786f2906881a8a74425242aca11489a18dd,fc8699fb14c3db9ecafb50e7207fea9a3057d21217b38be972c6cf48ff28a3c9,fb519e51c5e427da315ba5660588f239fd9381a3a6ce299464a50a042d7b9e43,CNN3,5,fc5,3,measured,layer_invocation,all-fc,1,1,0,3,4,36,36,9216,9216,4,4,20635292,18797212,64528,64528,64320,857459,855166,15107,217.133,15107,217.133,1663,1663,30.028,45.243,22137.1,24430.6,35284.6,35283,294110,294131,11668.9,11656.4,208.282,226.062,9263.78,6301.8,157773,158277,11021.1,9472.7,39540.3,39688.8,751.603,945.218,435.579,165.684,13353405,15481298,15481298,13353405,7303877,3337904,3337904,7303877,256,256,21829,21829,21829,21829,137367552,137240576,431095808,431095808,33395441664,33395441664,yes,yes,NA,NA,163905,129003520,433192960,33393344512,1663,45.243,24430.6,35284.6,294131,11668.9,226.062,9263.78,158277,11021.1,39688.8,945.218,435.579,857459,879641.843,pass,FAIL_UNSUPPORTED,pass,pass
ringlpn.two-party-fc-model-scale.aggregate.v4,ringlpn.two-party-fc-model-scale.v6,2026-08-10,6bd5e24f5e18eb744458d4aaf86d42a823857bc134ac1d4be25c95d49cf3c984,718570af4bf7afa523d029dfddcf0f3dae9e554c9c6e26b744999df193956f72,799f39ad2cc347a7a59a3efbe14d6ff3eaaf9dc843219414dc36d3e0a75793a1,bf4e4f9052b7575dcb6bb506d73d9786f2906881a8a74425242aca11489a18dd,fc8699fb14c3db9ecafb50e7207fea9a3057d21217b38be972c6cf48ff28a3c9,fb519e51c5e427da315ba5660588f239fd9381a3a6ce299464a50a042d7b9e43,CNN3,5,fc5,4,measured,layer_invocation,all-fc,1,1,0,3,4,36,36,9216,9216,4,4,20635292,18797212,64528,64528,64320,902453,902453,14582.1,211.667,14582.1,211.667,1663,1663,26.802,14.851,22715.4,22716.5,35038.7,35042.9,276825,276812,12150.7,12162.8,211.419,227.319,9133.7,6213.49,157581,158940,11027.6,9400.87,37205.1,37229.6,578.131,583.686,159.502,149.796,13353405,15481298,15481298,13353405,7303877,3337904,3337904,7303877,256,256,21829,21829,21829,21829,137306112,137502720,431095808,431095808,33395441664,33395441664,yes,yes,NA,NA,163483,129179648,433192960,33393344512,1663,26.802,22716.5,35042.9,276825,12162.8,227.319,9133.7,158940,11027.6,37229.6,583.686,159.502,902453,925195.202,pass,FAIL_UNSUPPORTED,pass,pass
ringlpn.two-party-fc-model-scale.aggregate.v4,ringlpn.two-party-fc-model-scale.v6,2026-08-10,6bd5e24f5e18eb744458d4aaf86d42a823857bc134ac1d4be25c95d49cf3c984,718570af4bf7afa523d029dfddcf0f3dae9e554c9c6e26b744999df193956f72,799f39ad2cc347a7a59a3efbe14d6ff3eaaf9dc843219414dc36d3e0a75793a1,bf4e4f9052b7575dcb6bb506d73d9786f2906881a8a74425242aca11489a18dd,fc8699fb14c3db9ecafb50e7207fea9a3057d21217b38be972c6cf48ff28a3c9,fb519e51c5e427da315ba5660588f239fd9381a3a6ce299464a50a042d7b9e43,CNN3,5,fc5,5,measured,layer_invocation,all-fc,1,1,0,3,4,36,36,9216,9216,4,4,20635292,18797212,64528,64528,64320,860060,860066,14982.8,215.322,14982.8,215.322,1663,1663,36.71,45.865,19993.1,19994.4,35735.6,35727.2,288620,288676,12209.3,12155.4,217.476,213.544,6539.62,6281.03,159121,160179,11150.4,9548.28,37287.4,37318.3,561.454,560.365,157.701,153.308,13353405,15481298,15481298,13353405,7303877,3337904,3337904,7303877,256,256,21829,21829,21829,21829,137277440,137580544,431095808,431095808,33395441664,33395441664,yes,yes,NA,NA,159882,128880640,433192960,33393344512,1663,45.865,19994.4,35735.6,288676,12209.3,217.476,6539.62,160179,11150.4,37318.3,561.454,157.701,860066,880106.265,pass,FAIL_UNSUPPORTED,pass,pass
ringlpn.two-party-fc-model-scale.aggregate.v4,ringlpn.two-party-fc-model-scale.v6,2026-08-10,6bd5e24f5e18eb744458d4aaf86d42a823857bc134ac1d4be25c95d49cf3c984,718570af4bf7afa523d029dfddcf0f3dae9e554c9c6e26b744999df193956f72,799f39ad2cc347a7a59a3efbe14d6ff3eaaf9dc843219414dc36d3e0a75793a1,bf4e4f9052b7575dcb6bb506d73d9786f2906881a8a74425242aca11489a18dd,fc8699fb14c3db9ecafb50e7207fea9a3057d21217b38be972c6cf48ff28a3c9,fb519e51c5e427da315ba5660588f239fd9381a3a6ce299464a50a042d7b9e43,CNN3,5,fc5,6,measured,layer_invocation,all-fc,1,1,0,3,4,36,36,9216,9216,4,4,20635292,18797212,64528,64528,64320,912662,910085,14694.6,214.87,14694.6,214.87,1663,1663,46.545,294.731,21455.9,24037.4,34305,34310.3,281445,281527,13837.2,13742.1,229.387,227.923,6624.61,6216.45,158647,157633,11016.4,9446.16,38468.3,38496.5,485.812,491.36,110.263,101.735,13353405,15481298,15481298,13353405,7303877,3337904,3337904,7303877,256,256,21829,21829,21829,21829,137662464,137248768,431095808,431095808,33395441664,33395441664,yes,yes,NA,NA,158100,129191936,433192960,33393344512,1663,294.731,24037.4,34310.3,281527,13837.2,229.387,6624.61,158647,11016.4,38496.5,491.36,110.263,912662,934417.131,pass,FAIL_UNSUPPORTED,pass,pass
ringlpn.two-party-fc-model-scale.aggregate.v4,ringlpn.two-party-fc-model-scale.v6,2026-08-10,6bd5e24f5e18eb744458d4aaf86d42a823857bc134ac1d4be25c95d49cf3c984,718570af4bf7afa523d029dfddcf0f3dae9e554c9c6e26b744999df193956f72,799f39ad2cc347a7a59a3efbe14d6ff3eaaf9dc843219414dc36d3e0a75793a1,bf4e4f9052b7575dcb6bb506d73d9786f2906881a8a74425242aca11489a18dd,fc8699fb14c3db9ecafb50e7207fea9a3057d21217b38be972c6cf48ff28a3c9,fb519e51c5e427da315ba5660588f239fd9381a3a6ce299464a50a042d7b9e43,CNN3,5,fc5,7,measured,layer_invocation,all-fc,1,1,0,3,4,36,36,9216,9216,4,4,20635292,18797212,64528,64528,64320,875352,875345,15226.1,216.106,15226.1,216.106,1663,1663,53.65,18.54,19450.4,19459.5,37691.1,37695.5,288460,288524,12061.4,11998.1,229.23,229.261,6897.34,7292.63,158713,157898,11457.5,9916.45,38951.2,38980.7,429.525,458.623,434.027,397.667,13353405,15481298,15481298,13353405,7303877,3337904,3337904,7303877,256,256,21829,21829,21829,21829,137342976,136888320,431095808,431095808,33395441664,33395441664,yes,yes,NA,NA,162767,129171456,433192960,33393344512,1663,53.65,19459.5,37695.5,288524,12061.4,229.261,7292.63,158713,11457.5,38980.7,458.623,434.027,875352,894856.05,pass,FAIL_UNSUPPORTED,pass,pass
ringlpn.two-party-fc-model-scale.aggregate.v4,ringlpn.two-party-fc-model-scale.v6,2026-08-10,6bd5e24f5e18eb744458d4aaf86d42a823857bc134ac1d4be25c95d49cf3c984,718570af4bf7afa523d029dfddcf0f3dae9e554c9c6e26b744999df193956f72,799f39ad2cc347a7a59a3efbe14d6ff3eaaf9dc843219414dc36d3e0a75793a1,bf4e4f9052b7575dcb6bb506d73d9786f2906881a8a74425242aca11489a18dd,fc8699fb14c3db9ecafb50e7207fea9a3057d21217b38be972c6cf48ff28a3c9,fb519e51c5e427da315ba5660588f239fd9381a3a6ce299464a50a042d7b9e43,CNN3,5,fc5,8,measured,layer_invocation,all-fc,1,1,0,3,4,36,36,9216,9216,4,4,20635292,18797212,64528,64528,64320,879508,879505,14573.7,212.302,14573.7,212.302,1663,1663,41.169,54.501,22110.8,22115.1,33639.4,33654.6,279972,279962,12750.3,12760.2,232.062,215.554,9572.8,6148.43,158245,158761,11196.5,9360.65,38566.1,38590.7,624.079,627.241,119.563,114.642,13353405,15481298,15481298,13353405,7303877,3337904,3337904,7303877,256,256,21829,21829,21829,21829,137564160,137277440,431095808,431095808,33395441664,33395441664,yes,yes,NA,NA,161925,129110016,433192960,33393344512,1663,54.501,22115.1,33654.6,279972,12760.2,232.062,9572.8,158761,11196.5,38590.7,627.241,119.563,879508,901674.601,pass,FAIL_UNSUPPORTED,pass,pass
ringlpn.two-party-fc-model-scale.aggregate.v4,ringlpn.two-party-fc-model-scale.v6,2026-08-10,6bd5e24f5e18eb744458d4aaf86d42a823857bc134ac1d4be25c95d49cf3c984,718570af4bf7afa523d029dfddcf0f3dae9e554c9c6e26b744999df193956f72,799f39ad2cc347a7a59a3efbe14d6ff3eaaf9dc843219414dc36d3e0a75793a1,bf4e4f9052b7575dcb6bb506d73d9786f2906881a8a74425242aca11489a18dd,fc8699fb14c3db9ecafb50e7207fea9a3057d21217b38be972c6cf48ff28a3c9,fb519e51c5e427da315ba5660588f239fd9381a3a6ce299464a50a042d7b9e43,CNN3,5,fc5,9,measured,layer_invocation,all-fc,1,1,0,3,4,36,36,9216,9216,4,4,20635292,18797212,64528,64528,64320,866088,866083,15256.2,213.57,15256.2,213.57,1663,1663,42.326,34.745,19320.6,19327.9,35811.9,35823,283901,283888,13485,13477.9,200.19,200.464,6231.03,7264.58,158830,158104,11149.3,9891.48,41813,41839.9,491.982,497.07,108.639,100.656,13353405,15481298,15481298,13353405,7303877,3337904,3337904,7303877,256,256,21829,21829,21829,21829,136990720,136790016,431095808,431095808,33395441664,33395441664,yes,yes,NA,NA,164457,128831488,433192960,33393344512,1663,42.326,19327.9,35823,283901,13485,200.464,7264.58,158830,11149.3,41839.9,497.07,108.639,866088,885450.926,pass,FAIL_UNSUPPORTED,pass,pass
ringlpn.two-party-fc-model-scale.aggregate.v4,ringlpn.two-party-fc-model-scale.v6,2026-08-10,6bd5e24f5e18eb744458d4aaf86d42a823857bc134ac1d4be25c95d49cf3c984,718570af4bf7afa523d029dfddcf0f3dae9e554c9c6e26b744999df193956f72,799f39ad2cc347a7a59a3efbe14d6ff3eaaf9dc843219414dc36d3e0a75793a1,bf4e4f9052b7575dcb6bb506d73d9786f2906881a8a74425242aca11489a18dd,fc8699fb14c3db9ecafb50e7207fea9a3057d21217b38be972c6cf48ff28a3c9,fb519e51c5e427da315ba5660588f239fd9381a3a6ce299464a50a042d7b9e43,CNN3,5,fc5,10,measured,layer_invocation,all-fc,1,1,0,3,4,36,36,9216,9216,4,4,20635292,18797212,64528,64528,64320,899351,899324,15333.4,225.53,15333.4,225.53,1663,1663,25.176,14.425,18523.9,18537.8,35387.5,35380.3,295586,295463,12019.3,12140.3,211.946,220.255,9387.63,6144.9,162062,157675,11015.7,9334.53,41104.5,41135.2,509.275,470.628,261.38,285.98,13353405,15481298,15481298,13353405,7303877,3337904,3337904,7303877,256,256,21829,21829,21829,21829,137064448,137662464,431095808,431095808,33395441664,33395441664,yes,yes,NA,NA,159059,129351680,433192960,33393344512,1663,25.176,18537.8,35387.5,295586,12140.3,220.255,9387.63,162062,11015.7,41135.2,509.275,285.98,899351,917900.076,pass,FAIL_UNSUPPORTED,pass,pass
