schema_version,source_schema_version,publication_date,manifest_sha256,workload_manifest_sha256,raw_trials_sha256,binary_sha256,environment_sha256,result_schema_sha256,model,workload,population,metric,n,mean,sample_stdev,median,q1,q3,iqr,mean_ci95_low,mean_ci95_high,mean_ci95_method,quartile_method,min,max,unit
ringlpn.two-party-fc-model-scale.statistics.v2,ringlpn.two-party-fc-model-scale.v6,2026-08-10,6bd5e24f5e18eb744458d4aaf86d42a823857bc134ac1d4be25c95d49cf3c984,718570af4bf7afa523d029dfddcf0f3dae9e554c9c6e26b744999df193956f72,799f39ad2cc347a7a59a3efbe14d6ff3eaaf9dc843219414dc36d3e0a75793a1,bf4e4f9052b7575dcb6bb506d73d9786f2906881a8a74425242aca11489a18dd,fc8699fb14c3db9ecafb50e7207fea9a3057d21217b38be972c6cf48ff28a3c9,fb519e51c5e427da315ba5660588f239fd9381a3a6ce299464a50a042d7b9e43,CNN2,all-fc,passing measured aggregate rows only; warmups excluded,party0_preprocess_us,10,26839142,50304.567895083952416644687919775348145228642951343,26847310,26815210,26876907.5,61697.5,26803156.27995438161758590377155644607072049334539,26875127.72004561838241409622844355392927950665461,two-sided Student t confidence interval for the arithmetic mean; confidence=0.95; df=n-1,R-7 inclusive linear interpolation at probabilities 0.25 and 0.75,26728430,26894900,us
ringlpn.two-party-fc-model-scale.statistics.v2,ringlpn.two-party-fc-model-scale.v6,2026-08-10,6bd5e24f5e18eb744458d4aaf86d42a823857bc134ac1d4be25c95d49cf3c984,718570af4bf7afa523d029dfddcf0f3dae9e554c9c6e26b744999df193956f72,799f39ad2cc347a7a59a3efbe14d6ff3eaaf9dc843219414dc36d3e0a75793a1,bf4e4f9052b7575dcb6bb506d73d9786f2906881a8a74425242aca11489a18dd,fc8699fb14c3db9ecafb50e7207fea9a3057d21217b38be972c6cf48ff28a3c9,fb519e51c5e427da315ba5660588f239fd9381a3a6ce299464a50a042d7b9e43,CNN2,all-fc,passing measured aggregate rows only; warmups excluded,party1_preprocess_us,10,26838951,50344.688222514817975526812317720511324132248099121,26847265,26814777.5,26876930,62152.5,26802936.579601084143697824412630313145887120843859,26874965.420398915856302175587369686854112879156141,two-sided Student t confidence interval for the arithmetic mean; confidence=0.95; df=n-1,R-7 inclusive linear interpolation at probabilities 0.25 and 0.75,26728490,26894810,us
ringlpn.two-party-fc-model-scale.statistics.v2,ringlpn.two-party-fc-model-scale.v6,2026-08-10,6bd5e24f5e18eb744458d4aaf86d42a823857bc134ac1d4be25c95d49cf3c984,718570af4bf7afa523d029dfddcf0f3dae9e554c9c6e26b744999df193956f72,799f39ad2cc347a7a59a3efbe14d6ff3eaaf9dc843219414dc36d3e0a75793a1,bf4e4f9052b7575dcb6bb506d73d9786f2906881a8a74425242aca11489a18dd,fc8699fb14c3db9ecafb50e7207fea9a3057d21217b38be972c6cf48ff28a3c9,fb519e51c5e427da315ba5660588f239fd9381a3a6ce299464a50a042d7b9e43,CNN2,all-fc,passing measured aggregate rows only; warmups excluded,critical_path_preprocess_us,10,26839153,50293.758625366892205419575129003087378150835301762,26847315,26815210,26876930,61720,26803175.012440122216157901367968208840928973949949,26875130.987559877783842098632031791159071026050051,two-sided Student t confidence interval for the arithmetic mean; confidence=0.95; df=n-1,R-7 inclusive linear interpolation at probabilities 0.25 and 0.75,26728490,26894910,us
ringlpn.two-party-fc-model-scale.statistics.v2,ringlpn.two-party-fc-model-scale.v6,2026-08-10,6bd5e24f5e18eb744458d4aaf86d42a823857bc134ac1d4be25c95d49cf3c984,718570af4bf7afa523d029dfddcf0f3dae9e554c9c6e26b744999df193956f72,799f39ad2cc347a7a59a3efbe14d6ff3eaaf9dc843219414dc36d3e0a75793a1,bf4e4f9052b7575dcb6bb506d73d9786f2906881a8a74425242aca11489a18dd,fc8699fb14c3db9ecafb50e7207fea9a3057d21217b38be972c6cf48ff28a3c9,fb519e51c5e427da315ba5660588f239fd9381a3a6ce299464a50a042d7b9e43,CNN2,all-fc,passing measured aggregate rows only; warmups excluded,public_a_seed_words_total,10,16,0,16,16,16,0,16,16,two-sided Student t confidence interval for the arithmetic mean; confidence=0.95; df=n-1,R-7 inclusive linear interpolation at probabilities 0.25 and 0.75,16,16,uint64_words
ringlpn.two-party-fc-model-scale.statistics.v2,ringlpn.two-party-fc-model-scale.v6,2026-08-10,6bd5e24f5e18eb744458d4aaf86d42a823857bc134ac1d4be25c95d49cf3c984,718570af4bf7afa523d029dfddcf0f3dae9e554c9c6e26b744999df193956f72,799f39ad2cc347a7a59a3efbe14d6ff3eaaf9dc843219414dc36d3e0a75793a1,bf4e4f9052b7575dcb6bb506d73d9786f2906881a8a74425242aca11489a18dd,fc8699fb14c3db9ecafb50e7207fea9a3057d21217b38be972c6cf48ff28a3c9,fb519e51c5e427da315ba5660588f239fd9381a3a6ce299464a50a042d7b9e43,CNN2,all-fc,passing measured aggregate rows only; warmups excluded,application_bytes_total,10,1302752736,0,1302752736,1302752736,1302752736,0,1302752736,1302752736,two-sided Student t confidence interval for the arithmetic mean; confidence=0.95; df=n-1,R-7 inclusive linear interpolation at probabilities 0.25 and 0.75,1302752736,1302752736,bytes
ringlpn.two-party-fc-model-scale.statistics.v2,ringlpn.two-party-fc-model-scale.v6,2026-08-10,6bd5e24f5e18eb744458d4aaf86d42a823857bc134ac1d4be25c95d49cf3c984,718570af4bf7afa523d029dfddcf0f3dae9e554c9c6e26b744999df193956f72,799f39ad2cc347a7a59a3efbe14d6ff3eaaf9dc843219414dc36d3e0a75793a1,bf4e4f9052b7575dcb6bb506d73d9786f2906881a8a74425242aca11489a18dd,fc8699fb14c3db9ecafb50e7207fea9a3057d21217b38be972c6cf48ff28a3c9,fb519e51c5e427da315ba5660588f239fd9381a3a6ce299464a50a042d7b9e43,CNN2,all-fc,passing measured aggregate rows only; warmups excluded,matched_dealer_keygen_us,10,30466.97,471.73662626041191837385675913619151548341655337042,30572.9,30360.35,30749.7,389.35,30129.509946605312916827232486951269617382754747422,30804.430053394687083172767513048730382617245252578,two-sided Student t confidence interval for the arithmetic mean; confidence=0.95; df=n-1,R-7 inclusive linear interpolation at probabilities 0.25 and 0.75,29318.7,30967.8,us
ringlpn.two-party-fc-model-scale.statistics.v2,ringlpn.two-party-fc-model-scale.v6,2026-08-10,6bd5e24f5e18eb744458d4aaf86d42a823857bc134ac1d4be25c95d49cf3c984,718570af4bf7afa523d029dfddcf0f3dae9e554c9c6e26b744999df193956f72,799f39ad2cc347a7a59a3efbe14d6ff3eaaf9dc843219414dc36d3e0a75793a1,bf4e4f9052b7575dcb6bb506d73d9786f2906881a8a74425242aca11489a18dd,fc8699fb14c3db9ecafb50e7207fea9a3057d21217b38be972c6cf48ff28a3c9,fb519e51c5e427da315ba5660588f239fd9381a3a6ce299464a50a042d7b9e43,CNN2,all-fc,passing measured aggregate rows only; warmups excluded,checker_two_share_online_us,10,985.9918,4.6836803857175775007585875317963882441334492278394,985.624,983.67025,987.7465,4.07625,982.64129689071759428282303711549151979299382989371,989.34230310928240571717696288450848020700617010629,two-sided Student t confidence interval for the arithmetic mean; confidence=0.95; df=n-1,R-7 inclusive linear interpolation at probabilities 0.25 and 0.75,978.595,993.25,us
ringlpn.two-party-fc-model-scale.statistics.v2,ringlpn.two-party-fc-model-scale.v6,2026-08-10,6bd5e24f5e18eb744458d4aaf86d42a823857bc134ac1d4be25c95d49cf3c984,718570af4bf7afa523d029dfddcf0f3dae9e554c9c6e26b744999df193956f72,799f39ad2cc347a7a59a3efbe14d6ff3eaaf9dc843219414dc36d3e0a75793a1,bf4e4f9052b7575dcb6bb506d73d9786f2906881a8a74425242aca11489a18dd,fc8699fb14c3db9ecafb50e7207fea9a3057d21217b38be972c6cf48ff28a3c9,fb519e51c5e427da315ba5660588f239fd9381a3a6ce299464a50a042d7b9e43,CNN2,all-fc,passing measured aggregate rows only; warmups excluded,preprocess_over_matched_dealer_ratio,10,881.11381132716856326459056602651572587185193689255,13.557274908195938723356569377504146771340198341322,877.73250615531232349137602034251668858372206120638,873.81147047732887429502389015407296536452410837526,885.09520025963951122780568706063092294965945805297,11.28372978231063693278179690655795758513534967771,871.41552109544781800902283385466408214389742944211,890.81210155888930852015829819836736959980644434299,two-sided Student t confidence interval for the arithmetic mean; confidence=0.95; df=n-1,R-7 inclusive linear interpolation at probabilities 0.25 and 0.75,865.53484587216398969251932652626276325731889252708,914.76156855522243482828365514159904770675371008947,ratio
ringlpn.two-party-fc-model-scale.statistics.v2,ringlpn.two-party-fc-model-scale.v6,2026-08-10,6bd5e24f5e18eb744458d4aaf86d42a823857bc134ac1d4be25c95d49cf3c984,718570af4bf7afa523d029dfddcf0f3dae9e554c9c6e26b744999df193956f72,799f39ad2cc347a7a59a3efbe14d6ff3eaaf9dc843219414dc36d3e0a75793a1,bf4e4f9052b7575dcb6bb506d73d9786f2906881a8a74425242aca11489a18dd,fc8699fb14c3db9ecafb50e7207fea9a3057d21217b38be972c6cf48ff28a3c9,fb519e51c5e427da315ba5660588f239fd9381a3a6ce299464a50a042d7b9e43,CNN2,all-fc,passing measured aggregate rows only; warmups excluded,critical_path_setup_included_us,10,26881842.3365,50965.308978523562954742044748920012910688331519018,26897710.76,26855175.087,26920928.90675,65753.81975,26845383.950757284554394311935914550048820322263116,26918300.722242715445605688064085449951179677736884,two-sided Student t confidence interval for the arithmetic mean; confidence=0.95; df=n-1,R-7 inclusive linear interpolation at probabilities 0.25 and 0.75,26769714.793,26934774.479,us
ringlpn.two-party-fc-model-scale.statistics.v2,ringlpn.two-party-fc-model-scale.v6,2026-08-10,6bd5e24f5e18eb744458d4aaf86d42a823857bc134ac1d4be25c95d49cf3c984,718570af4bf7afa523d029dfddcf0f3dae9e554c9c6e26b744999df193956f72,799f39ad2cc347a7a59a3efbe14d6ff3eaaf9dc843219414dc36d3e0a75793a1,bf4e4f9052b7575dcb6bb506d73d9786f2906881a8a74425242aca11489a18dd,fc8699fb14c3db9ecafb50e7207fea9a3057d21217b38be972c6cf48ff28a3c9,fb519e51c5e427da315ba5660588f239fd9381a3a6ce299464a50a042d7b9e43,CNN2,all-fc,passing measured aggregate rows only; warmups excluded,setup_included_preprocess_over_matched_dealer_ratio,10,882.51493080506075425785777253582370688809814152439,13.555629727310321817025405615043230274554896577432,879.29709858246586334235736626174873186825378060438,875.12483717348876467912686731974253322220688166986,886.44771116106585744719021615601543279586097705136,11.3228739875770927680633488362728995736540953815,872.81781746484810598693652157425297978757229967992,892.21204414527340252877902349739443398862398336886,two-sided Student t confidence interval for the arithmetic mean; confidence=0.95; df=n-1,R-7 inclusive linear interpolation at probabilities 0.25 and 0.75,866.81175837482804719741150485342839982175033421812,916.18076783759170768144563026327906762578149781539,ratio
ringlpn.two-party-fc-model-scale.statistics.v2,ringlpn.two-party-fc-model-scale.v6,2026-08-10,6bd5e24f5e18eb744458d4aaf86d42a823857bc134ac1d4be25c95d49cf3c984,718570af4bf7afa523d029dfddcf0f3dae9e554c9c6e26b744999df193956f72,799f39ad2cc347a7a59a3efbe14d6ff3eaaf9dc843219414dc36d3e0a75793a1,bf4e4f9052b7575dcb6bb506d73d9786f2906881a8a74425242aca11489a18dd,fc8699fb14c3db9ecafb50e7207fea9a3057d21217b38be972c6cf48ff28a3c9,fb519e51c5e427da315ba5660588f239fd9381a3a6ce299464a50a042d7b9e43,CNN2,all-fc,passing measured aggregate rows only; warmups excluded,protocol_dependency_rounds,10,72278,0,72278,72278,72278,0,72278,72278,two-sided Student t confidence interval for the arithmetic mean; confidence=0.95; df=n-1,R-7 inclusive linear interpolation at probabilities 0.25 and 0.75,72278,72278,rounds
ringlpn.two-party-fc-model-scale.statistics.v2,ringlpn.two-party-fc-model-scale.v6,2026-08-10,6bd5e24f5e18eb744458d4aaf86d42a823857bc134ac1d4be25c95d49cf3c984,718570af4bf7afa523d029dfddcf0f3dae9e554c9c6e26b744999df193956f72,799f39ad2cc347a7a59a3efbe14d6ff3eaaf9dc843219414dc36d3e0a75793a1,bf4e4f9052b7575dcb6bb506d73d9786f2906881a8a74425242aca11489a18dd,fc8699fb14c3db9ecafb50e7207fea9a3057d21217b38be972c6cf48ff28a3c9,fb519e51c5e427da315ba5660588f239fd9381a3a6ce299464a50a042d7b9e43,CNN2,all-fc,passing measured aggregate rows only; warmups excluded,critical_path_preflight_us,10,261.1509,108.79366897067126672205450394503715302610661974791,238.247,189.42025,364.927,175.50675,183.32459757594412380202340628001815485060376734085,338.97720242405587619797659371998184514939623265915,two-sided Student t confidence interval for the arithmetic mean; confidence=0.95; df=n-1,R-7 inclusive linear interpolation at probabilities 0.25 and 0.75,84.093,409.652,us
ringlpn.two-party-fc-model-scale.statistics.v2,ringlpn.two-party-fc-model-scale.v6,2026-08-10,6bd5e24f5e18eb744458d4aaf86d42a823857bc134ac1d4be25c95d49cf3c984,718570af4bf7afa523d029dfddcf0f3dae9e554c9c6e26b744999df193956f72,799f39ad2cc347a7a59a3efbe14d6ff3eaaf9dc843219414dc36d3e0a75793a1,bf4e4f9052b7575dcb6bb506d73d9786f2906881a8a74425242aca11489a18dd,fc8699fb14c3db9ecafb50e7207fea9a3057d21217b38be972c6cf48ff28a3c9,fb519e51c5e427da315ba5660588f239fd9381a3a6ce299464a50a042d7b9e43,CNN2,all-fc,passing measured aggregate rows only; warmups excluded,critical_path_ot_setup_us,10,42626.53,4771.4875330329522814125524234120006492482312997897,40439.45,39339.55,45801.975,6462.425,39213.213441491957608944231171115218056058318738408,46039.846558508042391055768828884781943941681261592,two-sided Student t confidence interval for the arithmetic mean; confidence=0.95; df=n-1,R-7 inclusive linear interpolation at probabilities 0.25 and 0.75,37301.4,51363.5,us
ringlpn.two-party-fc-model-scale.statistics.v2,ringlpn.two-party-fc-model-scale.v6,2026-08-10,6bd5e24f5e18eb744458d4aaf86d42a823857bc134ac1d4be25c95d49cf3c984,718570af4bf7afa523d029dfddcf0f3dae9e554c9c6e26b744999df193956f72,799f39ad2cc347a7a59a3efbe14d6ff3eaaf9dc843219414dc36d3e0a75793a1,bf4e4f9052b7575dcb6bb506d73d9786f2906881a8a74425242aca11489a18dd,fc8699fb14c3db9ecafb50e7207fea9a3057d21217b38be972c6cf48ff28a3c9,fb519e51c5e427da315ba5660588f239fd9381a3a6ce299464a50a042d7b9e43,CNN2,all-fc,passing measured aggregate rows only; warmups excluded,critical_path_dpf_phase_a_us,10,1741644.82,4903.6276920029091639465528691837428605818254557808,1739679.65,1737765.85,1745939.775,8173.925,1738136.9760662167377582659181825080539594301742023,1745152.6639337832622417340818174919460405698257977,two-sided Student t confidence interval for the arithmetic mean; confidence=0.95; df=n-1,R-7 inclusive linear interpolation at probabilities 0.25 and 0.75,1736502.4,1750002.6,us
ringlpn.two-party-fc-model-scale.statistics.v2,ringlpn.two-party-fc-model-scale.v6,2026-08-10,6bd5e24f5e18eb744458d4aaf86d42a823857bc134ac1d4be25c95d49cf3c984,718570af4bf7afa523d029dfddcf0f3dae9e554c9c6e26b744999df193956f72,799f39ad2cc347a7a59a3efbe14d6ff3eaaf9dc843219414dc36d3e0a75793a1,bf4e4f9052b7575dcb6bb506d73d9786f2906881a8a74425242aca11489a18dd,fc8699fb14c3db9ecafb50e7207fea9a3057d21217b38be972c6cf48ff28a3c9,fb519e51c5e427da315ba5660588f239fd9381a3a6ce299464a50a042d7b9e43,CNN2,all-fc,passing measured aggregate rows only; warmups excluded,critical_path_dpf_phase_b_us,10,14053982.8,44907.020502366887711848950684219836390557567028804,14053515.5,14011299.75,14091727.75,80428,14021858.252757065713794458811337695705235710694431,14086107.347242934286205541188662304294764289305569,two-sided Student t confidence interval for the arithmetic mean; confidence=0.95; df=n-1,R-7 inclusive linear interpolation at probabilities 0.25 and 0.75,14002222,14121401,us
ringlpn.two-party-fc-model-scale.statistics.v2,ringlpn.two-party-fc-model-scale.v6,2026-08-10,6bd5e24f5e18eb744458d4aaf86d42a823857bc134ac1d4be25c95d49cf3c984,718570af4bf7afa523d029dfddcf0f3dae9e554c9c6e26b744999df193956f72,799f39ad2cc347a7a59a3efbe14d6ff3eaaf9dc843219414dc36d3e0a75793a1,bf4e4f9052b7575dcb6bb506d73d9786f2906881a8a74425242aca11489a18dd,fc8699fb14c3db9ecafb50e7207fea9a3057d21217b38be972c6cf48ff28a3c9,fb519e51c5e427da315ba5660588f239fd9381a3a6ce299464a50a042d7b9e43,CNN2,all-fc,passing measured aggregate rows only; warmups excluded,critical_path_dpf_phase_c_us,10,242347.42,2356.8813460918128187236978458128890791056808867826,241569.05,240887.025,243917.775,3030.75,240661.40865251979041553485511096408239147381968346,244033.43134748020958446514488903591760852618031654,two-sided Student t confidence interval for the arithmetic mean; confidence=0.95; df=n-1,R-7 inclusive linear interpolation at probabilities 0.25 and 0.75,238678.1,245905.8,us
ringlpn.two-party-fc-model-scale.statistics.v2,ringlpn.two-party-fc-model-scale.v6,2026-08-10,6bd5e24f5e18eb744458d4aaf86d42a823857bc134ac1d4be25c95d49cf3c984,718570af4bf7afa523d029dfddcf0f3dae9e554c9c6e26b744999df193956f72,799f39ad2cc347a7a59a3efbe14d6ff3eaaf9dc843219414dc36d3e0a75793a1,bf4e4f9052b7575dcb6bb506d73d9786f2906881a8a74425242aca11489a18dd,fc8699fb14c3db9ecafb50e7207fea9a3057d21217b38be972c6cf48ff28a3c9,fb519e51c5e427da315ba5660588f239fd9381a3a6ce299464a50a042d7b9e43,CNN2,all-fc,passing measured aggregate rows only; warmups excluded,critical_path_spfss_grouping_us,10,14181.4416,260.30154322255648979175097186423264862608216863644,14207.228,14026.4325,14310.79575,284.36325,13995.233093420923296583906034989336152918265823305,14367.650106579076703416093965010663847081734176695,two-sided Student t confidence interval for the arithmetic mean; confidence=0.95; df=n-1,R-7 inclusive linear interpolation at probabilities 0.25 and 0.75,13693.377,14623.563,us
ringlpn.two-party-fc-model-scale.statistics.v2,ringlpn.two-party-fc-model-scale.v6,2026-08-10,6bd5e24f5e18eb744458d4aaf86d42a823857bc134ac1d4be25c95d49cf3c984,718570af4bf7afa523d029dfddcf0f3dae9e554c9c6e26b744999df193956f72,799f39ad2cc347a7a59a3efbe14d6ff3eaaf9dc843219414dc36d3e0a75793a1,bf4e4f9052b7575dcb6bb506d73d9786f2906881a8a74425242aca11489a18dd,fc8699fb14c3db9ecafb50e7207fea9a3057d21217b38be972c6cf48ff28a3c9,fb519e51c5e427da315ba5660588f239fd9381a3a6ce299464a50a042d7b9e43,CNN2,all-fc,passing measured aggregate rows only; warmups excluded,critical_path_public_polynomial_exchange_us,10,325750.8,2539.9634376196135403386366748462499829636606362604,325835.2,325214.55,327332.625,2118.075,323933.81961398582523513420633957309617231784847249,327567.78038601417476486579366042690382768215152751,two-sided Student t confidence interval for the arithmetic mean; confidence=0.95; df=n-1,R-7 inclusive linear interpolation at probabilities 0.25 and 0.75,319426.7,328806.3,us
ringlpn.two-party-fc-model-scale.statistics.v2,ringlpn.two-party-fc-model-scale.v6,2026-08-10,6bd5e24f5e18eb744458d4aaf86d42a823857bc134ac1d4be25c95d49cf3c984,718570af4bf7afa523d029dfddcf0f3dae9e554c9c6e26b744999df193956f72,799f39ad2cc347a7a59a3efbe14d6ff3eaaf9dc843219414dc36d3e0a75793a1,bf4e4f9052b7575dcb6bb506d73d9786f2906881a8a74425242aca11489a18dd,fc8699fb14c3db9ecafb50e7207fea9a3057d21217b38be972c6cf48ff28a3c9,fb519e51c5e427da315ba5660588f239fd9381a3a6ce299464a50a042d7b9e43,CNN2,all-fc,passing measured aggregate rows only; warmups excluded,critical_path_gpu_ringlpn_expansion_us,10,8135898.3,11342.509423011783908310841358805368514396735796117,8135050.5,8125612.5,8143983,18370.5,8127784.357553211205060834221471772598488152079285,8144012.242446788794939165778528227401511847920715,two-sided Student t confidence interval for the arithmetic mean; confidence=0.95; df=n-1,R-7 inclusive linear interpolation at probabilities 0.25 and 0.75,8122600,8151483,us
ringlpn.two-party-fc-model-scale.statistics.v2,ringlpn.two-party-fc-model-scale.v6,2026-08-10,6bd5e24f5e18eb744458d4aaf86d42a823857bc134ac1d4be25c95d49cf3c984,718570af4bf7afa523d029dfddcf0f3dae9e554c9c6e26b744999df193956f72,799f39ad2cc347a7a59a3efbe14d6ff3eaaf9dc843219414dc36d3e0a75793a1,bf4e4f9052b7575dcb6bb506d73d9786f2906881a8a74425242aca11489a18dd,fc8699fb14c3db9ecafb50e7207fea9a3057d21217b38be972c6cf48ff28a3c9,fb519e51c5e427da315ba5660588f239fd9381a3a6ce299464a50a042d7b9e43,CNN2,all-fc,passing measured aggregate rows only; warmups excluded,critical_path_derandomization_openings_us,10,599709.86,2765.6211250117234941411169743643454247708423900354,599514.15,597919.625,600570.975,2651.35,597731.45382892451046484224733030599783250226212942,601688.26617107548953515775266969400216749773787058,two-sided Student t confidence interval for the arithmetic mean; confidence=0.95; df=n-1,R-7 inclusive linear interpolation at probabilities 0.25 and 0.75,596381.5,606316.1,us
ringlpn.two-party-fc-model-scale.statistics.v2,ringlpn.two-party-fc-model-scale.v6,2026-08-10,6bd5e24f5e18eb744458d4aaf86d42a823857bc134ac1d4be25c95d49cf3c984,718570af4bf7afa523d029dfddcf0f3dae9e554c9c6e26b744999df193956f72,799f39ad2cc347a7a59a3efbe14d6ff3eaaf9dc843219414dc36d3e0a75793a1,bf4e4f9052b7575dcb6bb506d73d9786f2906881a8a74425242aca11489a18dd,fc8699fb14c3db9ecafb50e7207fea9a3057d21217b38be972c6cf48ff28a3c9,fb519e51c5e427da315ba5660588f239fd9381a3a6ce299464a50a042d7b9e43,CNN2,all-fc,passing measured aggregate rows only; warmups excluded,critical_path_conversion_us,10,520861.11,6813.7400818656285329526139188490515317209240146421,522078.15,515974.575,525679.175,9704.6,515986.8539769483148412368445472865616330935468207,525735.3660230516851587631554527134383669064531793,two-sided Student t confidence interval for the arithmetic mean; confidence=0.95; df=n-1,R-7 inclusive linear interpolation at probabilities 0.25 and 0.75,507982.1,529398.5,us
ringlpn.two-party-fc-model-scale.statistics.v2,ringlpn.two-party-fc-model-scale.v6,2026-08-10,6bd5e24f5e18eb744458d4aaf86d42a823857bc134ac1d4be25c95d49cf3c984,718570af4bf7afa523d029dfddcf0f3dae9e554c9c6e26b744999df193956f72,799f39ad2cc347a7a59a3efbe14d6ff3eaaf9dc843219414dc36d3e0a75793a1,bf4e4f9052b7575dcb6bb506d73d9786f2906881a8a74425242aca11489a18dd,fc8699fb14c3db9ecafb50e7207fea9a3057d21217b38be972c6cf48ff28a3c9,fb519e51c5e427da315ba5660588f239fd9381a3a6ce299464a50a042d7b9e43,CNN2,all-fc,passing measured aggregate rows only; warmups excluded,critical_path_serialization_us,10,2480.1327,110.21299079716308812639311611248346522147973113306,2468.591,2412.2175,2571.25125,159.03375,2401.2910759055683048529833361009447490730441089809,2558.9743240944316951470166638990552509269558910191,two-sided Student t confidence interval for the arithmetic mean; confidence=0.95; df=n-1,R-7 inclusive linear interpolation at probabilities 0.25 and 0.75,2320.592,2632.313,us
ringlpn.two-party-fc-model-scale.statistics.v2,ringlpn.two-party-fc-model-scale.v6,2026-08-10,6bd5e24f5e18eb744458d4aaf86d42a823857bc134ac1d4be25c95d49cf3c984,718570af4bf7afa523d029dfddcf0f3dae9e554c9c6e26b744999df193956f72,799f39ad2cc347a7a59a3efbe14d6ff3eaaf9dc843219414dc36d3e0a75793a1,bf4e4f9052b7575dcb6bb506d73d9786f2906881a8a74425242aca11489a18dd,fc8699fb14c3db9ecafb50e7207fea9a3057d21217b38be972c6cf48ff28a3c9,fb519e51c5e427da315ba5660588f239fd9381a3a6ce299464a50a042d7b9e43,CNN2,all-fc,passing measured aggregate rows only; warmups excluded,critical_path_commit_us,10,379.7592,70.333723109188525311519951391564803856053540170791,363.1275,324.9765,435.02825,110.05175,329.44548545121360656210746558465032489446537544888,430.07291454878639343789253441534967510553462455112,two-sided Student t confidence interval for the arithmetic mean; confidence=0.95; df=n-1,R-7 inclusive linear interpolation at probabilities 0.25 and 0.75,308.581,494.087,us
ringlpn.two-party-fc-model-scale.statistics.v2,ringlpn.two-party-fc-model-scale.v6,2026-08-10,6bd5e24f5e18eb744458d4aaf86d42a823857bc134ac1d4be25c95d49cf3c984,718570af4bf7afa523d029dfddcf0f3dae9e554c9c6e26b744999df193956f72,799f39ad2cc347a7a59a3efbe14d6ff3eaaf9dc843219414dc36d3e0a75793a1,bf4e4f9052b7575dcb6bb506d73d9786f2906881a8a74425242aca11489a18dd,fc8699fb14c3db9ecafb50e7207fea9a3057d21217b38be972c6cf48ff28a3c9,fb519e51c5e427da315ba5660588f239fd9381a3a6ce299464a50a042d7b9e43,CNN2,all-fc,passing measured aggregate rows only; warmups excluded,peak_host_rss_bytes,10,305696768,814228.75622026516584454999076173188370847259477209,305911808,305149952,306157568,1007616,305114303.83619793023005976825519952674187978931881,306279232.16380206976994023174480047325812021068119,two-sided Student t confidence interval for the arithmetic mean; confidence=0.95; df=n-1,R-7 inclusive linear interpolation at probabilities 0.25 and 0.75,304168960,306728960,bytes
ringlpn.two-party-fc-model-scale.statistics.v2,ringlpn.two-party-fc-model-scale.v6,2026-08-10,6bd5e24f5e18eb744458d4aaf86d42a823857bc134ac1d4be25c95d49cf3c984,718570af4bf7afa523d029dfddcf0f3dae9e554c9c6e26b744999df193956f72,799f39ad2cc347a7a59a3efbe14d6ff3eaaf9dc843219414dc36d3e0a75793a1,bf4e4f9052b7575dcb6bb506d73d9786f2906881a8a74425242aca11489a18dd,fc8699fb14c3db9ecafb50e7207fea9a3057d21217b38be972c6cf48ff28a3c9,fb519e51c5e427da315ba5660588f239fd9381a3a6ce299464a50a042d7b9e43,CNN2,all-fc,passing measured aggregate rows only; warmups excluded,peak_gpu_bytes,10,431095808,0,431095808,431095808,431095808,0,431095808,431095808,two-sided Student t confidence interval for the arithmetic mean; confidence=0.95; df=n-1,R-7 inclusive linear interpolation at probabilities 0.25 and 0.75,431095808,431095808,bytes
ringlpn.two-party-fc-model-scale.statistics.v2,ringlpn.two-party-fc-model-scale.v6,2026-08-10,6bd5e24f5e18eb744458d4aaf86d42a823857bc134ac1d4be25c95d49cf3c984,718570af4bf7afa523d029dfddcf0f3dae9e554c9c6e26b744999df193956f72,799f39ad2cc347a7a59a3efbe14d6ff3eaaf9dc843219414dc36d3e0a75793a1,bf4e4f9052b7575dcb6bb506d73d9786f2906881a8a74425242aca11489a18dd,fc8699fb14c3db9ecafb50e7207fea9a3057d21217b38be972c6cf48ff28a3c9,fb519e51c5e427da315ba5660588f239fd9381a3a6ce299464a50a042d7b9e43,CNN2,all-fc,passing measured aggregate rows only; warmups excluded,minimum_observed_gpu_free_bytes,10,33395441664,0,33395441664,33395441664,33395441664,0,33395441664,33395441664,two-sided Student t confidence interval for the arithmetic mean; confidence=0.95; df=n-1,R-7 inclusive linear interpolation at probabilities 0.25 and 0.75,33395441664,33395441664,bytes
ringlpn.two-party-fc-model-scale.statistics.v2,ringlpn.two-party-fc-model-scale.v6,2026-08-10,6bd5e24f5e18eb744458d4aaf86d42a823857bc134ac1d4be25c95d49cf3c984,718570af4bf7afa523d029dfddcf0f3dae9e554c9c6e26b744999df193956f72,799f39ad2cc347a7a59a3efbe14d6ff3eaaf9dc843219414dc36d3e0a75793a1,bf4e4f9052b7575dcb6bb506d73d9786f2906881a8a74425242aca11489a18dd,fc8699fb14c3db9ecafb50e7207fea9a3057d21217b38be972c6cf48ff28a3c9,fb519e51c5e427da315ba5660588f239fd9381a3a6ce299464a50a042d7b9e43,CNN2,all-fc,passing measured aggregate rows only; warmups excluded,transport_bytes_total_including_base_ot,10,1302840696,0,1302840696,1302840696,1302840696,0,1302840696,1302840696,two-sided Student t confidence interval for the arithmetic mean; confidence=0.95; df=n-1,R-7 inclusive linear interpolation at probabilities 0.25 and 0.75,1302840696,1302840696,bytes
ringlpn.two-party-fc-model-scale.statistics.v2,ringlpn.two-party-fc-model-scale.v6,2026-08-10,6bd5e24f5e18eb744458d4aaf86d42a823857bc134ac1d4be25c95d49cf3c984,718570af4bf7afa523d029dfddcf0f3dae9e554c9c6e26b744999df193956f72,799f39ad2cc347a7a59a3efbe14d6ff3eaaf9dc843219414dc36d3e0a75793a1,bf4e4f9052b7575dcb6bb506d73d9786f2906881a8a74425242aca11489a18dd,fc8699fb14c3db9ecafb50e7207fea9a3057d21217b38be972c6cf48ff28a3c9,fb519e51c5e427da315ba5660588f239fd9381a3a6ce299464a50a042d7b9e43,CNN2,all-fc,passing measured aggregate rows only; warmups excluded,base_ot_setup_bytes_total,10,87316,0,87316,87316,87316,0,87316,87316,two-sided Student t confidence interval for the arithmetic mean; confidence=0.95; df=n-1,R-7 inclusive linear interpolation at probabilities 0.25 and 0.75,87316,87316,bytes
ringlpn.two-party-fc-model-scale.statistics.v2,ringlpn.two-party-fc-model-scale.v6,2026-08-10,6bd5e24f5e18eb744458d4aaf86d42a823857bc134ac1d4be25c95d49cf3c984,718570af4bf7afa523d029dfddcf0f3dae9e554c9c6e26b744999df193956f72,799f39ad2cc347a7a59a3efbe14d6ff3eaaf9dc843219414dc36d3e0a75793a1,bf4e4f9052b7575dcb6bb506d73d9786f2906881a8a74425242aca11489a18dd,fc8699fb14c3db9ecafb50e7207fea9a3057d21217b38be972c6cf48ff28a3c9,fb519e51c5e427da315ba5660588f239fd9381a3a6ce299464a50a042d7b9e43,CNN2,all-fc,passing measured aggregate rows only; warmups excluded,checker_us,10,335249.8,3150.9289917595907497767748019626298525896375331345,335087,332475.75,336842.5,4366.75,332995.76118552159980269874523640841155982240399593,337503.83881447840019730125476359158844017759600407,two-sided Student t confidence interval for the arithmetic mean; confidence=0.95; df=n-1,R-7 inclusive linear interpolation at probabilities 0.25 and 0.75,331565,340783,us
ringlpn.two-party-fc-model-scale.statistics.v2,ringlpn.two-party-fc-model-scale.v6,2026-08-10,6bd5e24f5e18eb744458d4aaf86d42a823857bc134ac1d4be25c95d49cf3c984,718570af4bf7afa523d029dfddcf0f3dae9e554c9c6e26b744999df193956f72,799f39ad2cc347a7a59a3efbe14d6ff3eaaf9dc843219414dc36d3e0a75793a1,bf4e4f9052b7575dcb6bb506d73d9786f2906881a8a74425242aca11489a18dd,fc8699fb14c3db9ecafb50e7207fea9a3057d21217b38be972c6cf48ff28a3c9,fb519e51c5e427da315ba5660588f239fd9381a3a6ce299464a50a042d7b9e43,CNN2,all-fc,passing measured aggregate rows only; warmups excluded,checker_peak_host_rss_bytes,10,134898892.8,314293.98013848259020060050322984460975597406173629,134916096,134728704,135045120,316416,134674060.43080293021824186027354459573170077053734,135123725.16919706978175813972645540426829922946266,two-sided Student t confidence interval for the arithmetic mean; confidence=0.95; df=n-1,R-7 inclusive linear interpolation at probabilities 0.25 and 0.75,134393856,135483392,bytes
ringlpn.two-party-fc-model-scale.statistics.v2,ringlpn.two-party-fc-model-scale.v6,2026-08-10,6bd5e24f5e18eb744458d4aaf86d42a823857bc134ac1d4be25c95d49cf3c984,718570af4bf7afa523d029dfddcf0f3dae9e554c9c6e26b744999df193956f72,799f39ad2cc347a7a59a3efbe14d6ff3eaaf9dc843219414dc36d3e0a75793a1,bf4e4f9052b7575dcb6bb506d73d9786f2906881a8a74425242aca11489a18dd,fc8699fb14c3db9ecafb50e7207fea9a3057d21217b38be972c6cf48ff28a3c9,fb519e51c5e427da315ba5660588f239fd9381a3a6ce299464a50a042d7b9e43,CNN2,all-fc,passing measured aggregate rows only; warmups excluded,checker_peak_gpu_bytes,10,433192960,0,433192960,433192960,433192960,0,433192960,433192960,two-sided Student t confidence interval for the arithmetic mean; confidence=0.95; df=n-1,R-7 inclusive linear interpolation at probabilities 0.25 and 0.75,433192960,433192960,bytes
ringlpn.two-party-fc-model-scale.statistics.v2,ringlpn.two-party-fc-model-scale.v6,2026-08-10,6bd5e24f5e18eb744458d4aaf86d42a823857bc134ac1d4be25c95d49cf3c984,718570af4bf7afa523d029dfddcf0f3dae9e554c9c6e26b744999df193956f72,799f39ad2cc347a7a59a3efbe14d6ff3eaaf9dc843219414dc36d3e0a75793a1,bf4e4f9052b7575dcb6bb506d73d9786f2906881a8a74425242aca11489a18dd,fc8699fb14c3db9ecafb50e7207fea9a3057d21217b38be972c6cf48ff28a3c9,fb519e51c5e427da315ba5660588f239fd9381a3a6ce299464a50a042d7b9e43,CNN2,all-fc,passing measured aggregate rows only; warmups excluded,checker_min_gpu_free_bytes,10,33393344512,0,33393344512,33393344512,33393344512,0,33393344512,33393344512,two-sided Student t confidence interval for the arithmetic mean; confidence=0.95; df=n-1,R-7 inclusive linear interpolation at probabilities 0.25 and 0.75,33393344512,33393344512,bytes
ringlpn.two-party-fc-model-scale.statistics.v2,ringlpn.two-party-fc-model-scale.v6,2026-08-10,6bd5e24f5e18eb744458d4aaf86d42a823857bc134ac1d4be25c95d49cf3c984,718570af4bf7afa523d029dfddcf0f3dae9e554c9c6e26b744999df193956f72,799f39ad2cc347a7a59a3efbe14d6ff3eaaf9dc843219414dc36d3e0a75793a1,bf4e4f9052b7575dcb6bb506d73d9786f2906881a8a74425242aca11489a18dd,fc8699fb14c3db9ecafb50e7207fea9a3057d21217b38be972c6cf48ff28a3c9,fb519e51c5e427da315ba5660588f239fd9381a3a6ce299464a50a042d7b9e43,CNN3,all-fc,passing measured aggregate rows only; warmups excluded,party0_preprocess_us,10,882991.7,18631.418142779983003037867669635470650926253698468,883393,868404,896939.75,28535.75,869663.58636353524291897207221777665643885867562122,896319.81363646475708102792778222334356114132437878,two-sided Student t confidence interval for the arithmetic mean; confidence=0.95; df=n-1,R-7 inclusive linear interpolation at probabilities 0.25 and 0.75,857459,912662,us
ringlpn.two-party-fc-model-scale.statistics.v2,ringlpn.two-party-fc-model-scale.v6,2026-08-10,6bd5e24f5e18eb744458d4aaf86d42a823857bc134ac1d4be25c95d49cf3c984,718570af4bf7afa523d029dfddcf0f3dae9e554c9c6e26b744999df193956f72,799f39ad2cc347a7a59a3efbe14d6ff3eaaf9dc843219414dc36d3e0a75793a1,bf4e4f9052b7575dcb6bb506d73d9786f2906881a8a74425242aca11489a18dd,fc8699fb14c3db9ecafb50e7207fea9a3057d21217b38be972c6cf48ff28a3c9,fb519e51c5e427da315ba5660588f239fd9381a3a6ce299464a50a042d7b9e43,CNN3,all-fc,passing measured aggregate rows only; warmups excluded,party1_preprocess_us,10,882493.5,18548.39541577653557436836086831234937545771996374,883340,868398.5,896926.25,28527.75,869224.77724464967605000193191712671830572256894358,895762.22275535032394999806808287328169427743105642,two-sided Student t confidence interval for the arithmetic mean; confidence=0.95; df=n-1,R-7 inclusive linear interpolation at probabilities 0.25 and 0.75,855166,910085,us
ringlpn.two-party-fc-model-scale.statistics.v2,ringlpn.two-party-fc-model-scale.v6,2026-08-10,6bd5e24f5e18eb744458d4aaf86d42a823857bc134ac1d4be25c95d49cf3c984,718570af4bf7afa523d029dfddcf0f3dae9e554c9c6e26b744999df193956f72,799f39ad2cc347a7a59a3efbe14d6ff3eaaf9dc843219414dc36d3e0a75793a1,bf4e4f9052b7575dcb6bb506d73d9786f2906881a8a74425242aca11489a18dd,fc8699fb14c3db9ecafb50e7207fea9a3057d21217b38be972c6cf48ff28a3c9,fb519e51c5e427da315ba5660588f239fd9381a3a6ce299464a50a042d7b9e43,CNN3,all-fc,passing measured aggregate rows only; warmups excluded,critical_path_preprocess_us,10,882995,18631.68068401536102042588213214148777709459158761,883393,868404,896946.5,28542.5,869666.69855284941318499629613287465924816770803705,896323.30144715058681500370386712534075183229196295,two-sided Student t confidence interval for the arithmetic mean; confidence=0.95; df=n-1,R-7 inclusive linear interpolation at probabilities 0.25 and 0.75,857459,912662,us
ringlpn.two-party-fc-model-scale.statistics.v2,ringlpn.two-party-fc-model-scale.v6,2026-08-10,6bd5e24f5e18eb744458d4aaf86d42a823857bc134ac1d4be25c95d49cf3c984,718570af4bf7afa523d029dfddcf0f3dae9e554c9c6e26b744999df193956f72,799f39ad2cc347a7a59a3efbe14d6ff3eaaf9dc843219414dc36d3e0a75793a1,bf4e4f9052b7575dcb6bb506d73d9786f2906881a8a74425242aca11489a18dd,fc8699fb14c3db9ecafb50e7207fea9a3057d21217b38be972c6cf48ff28a3c9,fb519e51c5e427da315ba5660588f239fd9381a3a6ce299464a50a042d7b9e43,CNN3,all-fc,passing measured aggregate rows only; warmups excluded,public_a_seed_words_total,10,8,0,8,8,8,0,8,8,two-sided Student t confidence interval for the arithmetic mean; confidence=0.95; df=n-1,R-7 inclusive linear interpolation at probabilities 0.25 and 0.75,8,8,uint64_words
ringlpn.two-party-fc-model-scale.statistics.v2,ringlpn.two-party-fc-model-scale.v6,2026-08-10,6bd5e24f5e18eb744458d4aaf86d42a823857bc134ac1d4be25c95d49cf3c984,718570af4bf7afa523d029dfddcf0f3dae9e554c9c6e26b744999df193956f72,799f39ad2cc347a7a59a3efbe14d6ff3eaaf9dc843219414dc36d3e0a75793a1,bf4e4f9052b7575dcb6bb506d73d9786f2906881a8a74425242aca11489a18dd,fc8699fb14c3db9ecafb50e7207fea9a3057d21217b38be972c6cf48ff28a3c9,fb519e51c5e427da315ba5660588f239fd9381a3a6ce299464a50a042d7b9e43,CNN3,all-fc,passing measured aggregate rows only; warmups excluded,application_bytes_total,10,39432504,0,39432504,39432504,39432504,0,39432504,39432504,two-sided Student t confidence interval for the arithmetic mean; confidence=0.95; df=n-1,R-7 inclusive linear interpolation at probabilities 0.25 and 0.75,39432504,39432504,bytes
ringlpn.two-party-fc-model-scale.statistics.v2,ringlpn.two-party-fc-model-scale.v6,2026-08-10,6bd5e24f5e18eb744458d4aaf86d42a823857bc134ac1d4be25c95d49cf3c984,718570af4bf7afa523d029dfddcf0f3dae9e554c9c6e26b744999df193956f72,799f39ad2cc347a7a59a3efbe14d6ff3eaaf9dc843219414dc36d3e0a75793a1,bf4e4f9052b7575dcb6bb506d73d9786f2906881a8a74425242aca11489a18dd,fc8699fb14c3db9ecafb50e7207fea9a3057d21217b38be972c6cf48ff28a3c9,fb519e51c5e427da315ba5660588f239fd9381a3a6ce299464a50a042d7b9e43,CNN3,all-fc,passing measured aggregate rows only; warmups excluded,matched_dealer_keygen_us,10,14921.46,310.10696434187564587626348192880476785549339580777,14962.95,14610.225,15196.325,586.1,14699.622841468441250977487531412249531660101060688,15143.297158531558749022512468587750468339898939312,two-sided Student t confidence interval for the arithmetic mean; confidence=0.95; df=n-1,R-7 inclusive linear interpolation at probabilities 0.25 and 0.75,14515.6,15333.4,us
ringlpn.two-party-fc-model-scale.statistics.v2,ringlpn.two-party-fc-model-scale.v6,2026-08-10,6bd5e24f5e18eb744458d4aaf86d42a823857bc134ac1d4be25c95d49cf3c984,718570af4bf7afa523d029dfddcf0f3dae9e554c9c6e26b744999df193956f72,799f39ad2cc347a7a59a3efbe14d6ff3eaaf9dc843219414dc36d3e0a75793a1,bf4e4f9052b7575dcb6bb506d73d9786f2906881a8a74425242aca11489a18dd,fc8699fb14c3db9ecafb50e7207fea9a3057d21217b38be972c6cf48ff28a3c9,fb519e51c5e427da315ba5660588f239fd9381a3a6ce299464a50a042d7b9e43,CNN3,all-fc,passing measured aggregate rows only; warmups excluded,checker_two_share_online_us,10,215.2785,3.9916239037375363539284989865843511517782818991819,214.22,213.05225,215.91,2.85775,212.42306427442377811748614906078616252916996982019,218.13393572557622188251385093921383747083003017981,two-sided Student t confidence interval for the arithmetic mean; confidence=0.95; df=n-1,R-7 inclusive linear interpolation at probabilities 0.25 and 0.75,211.667,225.53,us
ringlpn.two-party-fc-model-scale.statistics.v2,ringlpn.two-party-fc-model-scale.v6,2026-08-10,6bd5e24f5e18eb744458d4aaf86d42a823857bc134ac1d4be25c95d49cf3c984,718570af4bf7afa523d029dfddcf0f3dae9e554c9c6e26b744999df193956f72,799f39ad2cc347a7a59a3efbe14d6ff3eaaf9dc843219414dc36d3e0a75793a1,bf4e4f9052b7575dcb6bb506d73d9786f2906881a8a74425242aca11489a18dd,fc8699fb14c3db9ecafb50e7207fea9a3057d21217b38be972c6cf48ff28a3c9,fb519e51c5e427da315ba5660588f239fd9381a3a6ce299464a50a042d7b9e43,CNN3,all-fc,passing measured aggregate rows only; warmups excluded,preprocess_over_matched_dealer_ratio,10,59.209291688256536429309434481020468809764087740238,2.1012836739612811305833226435148871280559246974195,59.01508744370218856684065812645288100162963233234,57.425224705950083891231433733964002162274672124952,61.058459932456150345965993669795118922327216294572,3.63323522650606645473455993583111676005254416962,57.706123900684927844332668128197165029667267775375,60.712459475828145014286200833843772589860907705101,two-sided Student t confidence interval for the arithmetic mean; confidence=0.95; df=n-1,R-7 inclusive linear interpolation at probabilities 0.25 and 0.75,56.759052095055272390282650426954392003706890845304,62.108665768377499217399588964653682305064445442544,ratio
ringlpn.two-party-fc-model-scale.statistics.v2,ringlpn.two-party-fc-model-scale.v6,2026-08-10,6bd5e24f5e18eb744458d4aaf86d42a823857bc134ac1d4be25c95d49cf3c984,718570af4bf7afa523d029dfddcf0f3dae9e554c9c6e26b744999df193956f72,799f39ad2cc347a7a59a3efbe14d6ff3eaaf9dc843219414dc36d3e0a75793a1,bf4e4f9052b7575dcb6bb506d73d9786f2906881a8a74425242aca11489a18dd,fc8699fb14c3db9ecafb50e7207fea9a3057d21217b38be972c6cf48ff28a3c9,fb519e51c5e427da315ba5660588f239fd9381a3a6ce299464a50a042d7b9e43,CNN3,all-fc,passing measured aggregate rows only; warmups excluded,critical_path_setup_included_us,10,903894.393,18971.159138072952470240449859695196901006546093307,904909.782,887802.207,916314.27525,28512.06825,890323.24329631107084271680188592666007207267324466,917465.54270368892915728319811407333992792732675534,two-sided Student t confidence interval for the arithmetic mean; confidence=0.95; df=n-1,R-7 inclusive linear interpolation at probabilities 0.25 and 0.75,879641.843,934417.131,us
ringlpn.two-party-fc-model-scale.statistics.v2,ringlpn.two-party-fc-model-scale.v6,2026-08-10,6bd5e24f5e18eb744458d4aaf86d42a823857bc134ac1d4be25c95d49cf3c984,718570af4bf7afa523d029dfddcf0f3dae9e554c9c6e26b744999df193956f72,799f39ad2cc347a7a59a3efbe14d6ff3eaaf9dc843219414dc36d3e0a75793a1,bf4e4f9052b7575dcb6bb506d73d9786f2906881a8a74425242aca11489a18dd,fc8699fb14c3db9ecafb50e7207fea9a3057d21217b38be972c6cf48ff28a3c9,fb519e51c5e427da315ba5660588f239fd9381a3a6ce299464a50a042d7b9e43,CNN3,all-fc,passing measured aggregate rows only; warmups excluded,setup_included_preprocess_over_matched_dealer_ratio,10,60.61197000930266259911689921239523840903534217136,2.18706857566252303758424372379431600996876080294,60.318159979537483134846813891004906241323404252664,58.74862865970733061576742683674942071882131225172,62.566317855773893146723124431955578649312972222626,3.817689196066562530955697595206157930491659970906,59.047435399871056175155273365514866668631289907122,62.176504618734269023078525059275610149439394435598,two-sided Student t confidence interval for the arithmetic mean; confidence=0.95; df=n-1,R-7 inclusive linear interpolation at probabilities 0.25 and 0.75,58.038759717360810686802742491577194845374339612748,63.589150504266873545384018619084561675717610550815,ratio
ringlpn.two-party-fc-model-scale.statistics.v2,ringlpn.two-party-fc-model-scale.v6,2026-08-10,6bd5e24f5e18eb744458d4aaf86d42a823857bc134ac1d4be25c95d49cf3c984,718570af4bf7afa523d029dfddcf0f3dae9e554c9c6e26b744999df193956f72,799f39ad2cc347a7a59a3efbe14d6ff3eaaf9dc843219414dc36d3e0a75793a1,bf4e4f9052b7575dcb6bb506d73d9786f2906881a8a74425242aca11489a18dd,fc8699fb14c3db9ecafb50e7207fea9a3057d21217b38be972c6cf48ff28a3c9,fb519e51c5e427da315ba5660588f239fd9381a3a6ce299464a50a042d7b9e43,CNN3,all-fc,passing measured aggregate rows only; warmups excluded,protocol_dependency_rounds,10,1663,0,1663,1663,1663,0,1663,1663,two-sided Student t confidence interval for the arithmetic mean; confidence=0.95; df=n-1,R-7 inclusive linear interpolation at probabilities 0.25 and 0.75,1663,1663,rounds
ringlpn.two-party-fc-model-scale.statistics.v2,ringlpn.two-party-fc-model-scale.v6,2026-08-10,6bd5e24f5e18eb744458d4aaf86d42a823857bc134ac1d4be25c95d49cf3c984,718570af4bf7afa523d029dfddcf0f3dae9e554c9c6e26b744999df193956f72,799f39ad2cc347a7a59a3efbe14d6ff3eaaf9dc843219414dc36d3e0a75793a1,bf4e4f9052b7575dcb6bb506d73d9786f2906881a8a74425242aca11489a18dd,fc8699fb14c3db9ecafb50e7207fea9a3057d21217b38be972c6cf48ff28a3c9,fb519e51c5e427da315ba5660588f239fd9381a3a6ce299464a50a042d7b9e43,CNN3,all-fc,passing measured aggregate rows only; warmups excluded,critical_path_preflight_us,10,85.713,94.875745290587543528661218894370030028019453044646,45.554,39.58625,54.28825,14.702,17.842980397264633829626209479326388437550814297338,153.58301960273536617037379052067361156244918570266,two-sided Student t confidence interval for the arithmetic mean; confidence=0.95; df=n-1,R-7 inclusive linear interpolation at probabilities 0.25 and 0.75,25.176,294.731,us
ringlpn.two-party-fc-model-scale.statistics.v2,ringlpn.two-party-fc-model-scale.v6,2026-08-10,6bd5e24f5e18eb744458d4aaf86d42a823857bc134ac1d4be25c95d49cf3c984,718570af4bf7afa523d029dfddcf0f3dae9e554c9c6e26b744999df193956f72,799f39ad2cc347a7a59a3efbe14d6ff3eaaf9dc843219414dc36d3e0a75793a1,bf4e4f9052b7575dcb6bb506d73d9786f2906881a8a74425242aca11489a18dd,fc8699fb14c3db9ecafb50e7207fea9a3057d21217b38be972c6cf48ff28a3c9,fb519e51c5e427da315ba5660588f239fd9381a3a6ce299464a50a042d7b9e43,CNN3,all-fc,passing measured aggregate rows only; warmups excluded,critical_path_ot_setup_us,10,21317.12,2031.6680660645987194107163940916031013790481196351,21276,19593.225,22566.15,2972.925,19863.752218300628969794521313480014975609585078176,22770.487781699371030205478686519985024390414921824,two-sided Student t confidence interval for the arithmetic mean; confidence=0.95; df=n-1,R-7 inclusive linear interpolation at probabilities 0.25 and 0.75,18537.8,24430.6,us
ringlpn.two-party-fc-model-scale.statistics.v2,ringlpn.two-party-fc-model-scale.v6,2026-08-10,6bd5e24f5e18eb744458d4aaf86d42a823857bc134ac1d4be25c95d49cf3c984,718570af4bf7afa523d029dfddcf0f3dae9e554c9c6e26b744999df193956f72,799f39ad2cc347a7a59a3efbe14d6ff3eaaf9dc843219414dc36d3e0a75793a1,bf4e4f9052b7575dcb6bb506d73d9786f2906881a8a74425242aca11489a18dd,fc8699fb14c3db9ecafb50e7207fea9a3057d21217b38be972c6cf48ff28a3c9,fb519e51c5e427da315ba5660588f239fd9381a3a6ce299464a50a042d7b9e43,CNN3,all-fc,passing measured aggregate rows only; warmups excluded,critical_path_dpf_phase_a_us,10,35461.76,1094.1191283910135126337995728966400873052731719688,35368.2,35103.325,35801.15,697.825,34679.074325550886451292275875402091934864934403769,36244.445674449113548707724124597908065135065596231,two-sided Student t confidence interval for the arithmetic mean; confidence=0.95; df=n-1,R-7 inclusive linear interpolation at probabilities 0.25 and 0.75,33654.6,37695.5,us
ringlpn.two-party-fc-model-scale.statistics.v2,ringlpn.two-party-fc-model-scale.v6,2026-08-10,6bd5e24f5e18eb744458d4aaf86d42a823857bc134ac1d4be25c95d49cf3c984,718570af4bf7afa523d029dfddcf0f3dae9e554c9c6e26b744999df193956f72,799f39ad2cc347a7a59a3efbe14d6ff3eaaf9dc843219414dc36d3e0a75793a1,bf4e4f9052b7575dcb6bb506d73d9786f2906881a8a74425242aca11489a18dd,fc8699fb14c3db9ecafb50e7207fea9a3057d21217b38be972c6cf48ff28a3c9,fb519e51c5e427da315ba5660588f239fd9381a3a6ce299464a50a042d7b9e43,CNN3,all-fc,passing measured aggregate rows only; warmups excluded,critical_path_dpf_phase_b_us,10,286831.1,6531.763220346146830055089553499574010740368349377,286586.5,282120.5,292767.25,10646.75,282158.558072160209256427935155987191607254062539,291503.641927839790743572064844012808392745937461,two-sided Student t confidence interval for the arithmetic mean; confidence=0.95; df=n-1,R-7 inclusive linear interpolation at probabilities 0.25 and 0.75,276825,295586,us
ringlpn.two-party-fc-model-scale.statistics.v2,ringlpn.two-party-fc-model-scale.v6,2026-08-10,6bd5e24f5e18eb744458d4aaf86d42a823857bc134ac1d4be25c95d49cf3c984,718570af4bf7afa523d029dfddcf0f3dae9e554c9c6e26b744999df193956f72,799f39ad2cc347a7a59a3efbe14d6ff3eaaf9dc843219414dc36d3e0a75793a1,bf4e4f9052b7575dcb6bb506d73d9786f2906881a8a74425242aca11489a18dd,fc8699fb14c3db9ecafb50e7207fea9a3057d21217b38be972c6cf48ff28a3c9,fb519e51c5e427da315ba5660588f239fd9381a3a6ce299464a50a042d7b9e43,CNN3,all-fc,passing measured aggregate rows only; warmups excluded,critical_path_dpf_phase_c_us,10,12601.06,795.47531591006783560216369305225730351939105542089,12186.05,12081.125,13303.8,1222.675,12032.011239234538494856699553874172913067137744511,13170.108760765461505143300446125827086932862255489,two-sided Student t confidence interval for the arithmetic mean; confidence=0.95; df=n-1,R-7 inclusive linear interpolation at probabilities 0.25 and 0.75,11668.9,13837.2,us
ringlpn.two-party-fc-model-scale.statistics.v2,ringlpn.two-party-fc-model-scale.v6,2026-08-10,6bd5e24f5e18eb744458d4aaf86d42a823857bc134ac1d4be25c95d49cf3c984,718570af4bf7afa523d029dfddcf0f3dae9e554c9c6e26b744999df193956f72,799f39ad2cc347a7a59a3efbe14d6ff3eaaf9dc843219414dc36d3e0a75793a1,bf4e4f9052b7575dcb6bb506d73d9786f2906881a8a74425242aca11489a18dd,fc8699fb14c3db9ecafb50e7207fea9a3057d21217b38be972c6cf48ff28a3c9,fb519e51c5e427da315ba5660588f239fd9381a3a6ce299464a50a042d7b9e43,CNN3,all-fc,passing measured aggregate rows only; warmups excluded,critical_path_spfss_grouping_us,10,224.7908,10.891918714757693640841230631475572408026730057715,226.6905,221.081,229.3555,8.2745,216.99919072812698056612069107602825265014645612756,232.58240927187301943387930892397174734985354387244,two-sided Student t confidence interval for the arithmetic mean; confidence=0.95; df=n-1,R-7 inclusive linear interpolation at probabilities 0.25 and 0.75,200.464,242.063,us
ringlpn.two-party-fc-model-scale.statistics.v2,ringlpn.two-party-fc-model-scale.v6,2026-08-10,6bd5e24f5e18eb744458d4aaf86d42a823857bc134ac1d4be25c95d49cf3c984,718570af4bf7afa523d029dfddcf0f3dae9e554c9c6e26b744999df193956f72,799f39ad2cc347a7a59a3efbe14d6ff3eaaf9dc843219414dc36d3e0a75793a1,bf4e4f9052b7575dcb6bb506d73d9786f2906881a8a74425242aca11489a18dd,fc8699fb14c3db9ecafb50e7207fea9a3057d21217b38be972c6cf48ff28a3c9,fb519e51c5e427da315ba5660588f239fd9381a3a6ce299464a50a042d7b9e43,CNN3,all-fc,passing measured aggregate rows only; warmups excluded,critical_path_public_polynomial_exchange_us,10,8122.571,1323.8291627568700586544048611417555782441756075376,8213.165,6869.705,9356.6675,2486.9625,7175.5606660965127409812127485214551078497893035411,9069.5813339034872590187872514785448921502106964589,two-sided Student t confidence interval for the arithmetic mean; confidence=0.95; df=n-1,R-7 inclusive linear interpolation at probabilities 0.25 and 0.75,6539.62,9572.8,us
ringlpn.two-party-fc-model-scale.statistics.v2,ringlpn.two-party-fc-model-scale.v6,2026-08-10,6bd5e24f5e18eb744458d4aaf86d42a823857bc134ac1d4be25c95d49cf3c984,718570af4bf7afa523d029dfddcf0f3dae9e554c9c6e26b744999df193956f72,799f39ad2cc347a7a59a3efbe14d6ff3eaaf9dc843219414dc36d3e0a75793a1,bf4e4f9052b7575dcb6bb506d73d9786f2906881a8a74425242aca11489a18dd,fc8699fb14c3db9ecafb50e7207fea9a3057d21217b38be972c6cf48ff28a3c9,fb519e51c5e427da315ba5660588f239fd9381a3a6ce299464a50a042d7b9e43,CNN3,all-fc,passing measured aggregate rows only; warmups excluded,critical_path_gpu_ringlpn_expansion_us,10,159448,1289.1046849999765976682060108800317312836912336091,158797,158725,159869.25,1144.25,158525.83006106613114070478942166521096068717673047,160370.16993893386885929521057833478903931282326953,two-sided Student t confidence interval for the arithmetic mean; confidence=0.95; df=n-1,R-7 inclusive linear interpolation at probabilities 0.25 and 0.75,158277,162062,us
ringlpn.two-party-fc-model-scale.statistics.v2,ringlpn.two-party-fc-model-scale.v6,2026-08-10,6bd5e24f5e18eb744458d4aaf86d42a823857bc134ac1d4be25c95d49cf3c984,718570af4bf7afa523d029dfddcf0f3dae9e554c9c6e26b744999df193956f72,799f39ad2cc347a7a59a3efbe14d6ff3eaaf9dc843219414dc36d3e0a75793a1,bf4e4f9052b7575dcb6bb506d73d9786f2906881a8a74425242aca11489a18dd,fc8699fb14c3db9ecafb50e7207fea9a3057d21217b38be972c6cf48ff28a3c9,fb519e51c5e427da315ba5660588f239fd9381a3a6ce299464a50a042d7b9e43,CNN3,all-fc,passing measured aggregate rows only; warmups excluded,critical_path_derandomization_openings_us,10,11169.74,180.3481521945816887609083080567218937491986473632,11149.15,11022.725,11184.975,162.25,11040.726703848557883226917670019338063616620004738,11298.753296151442116773082329980661936383379995262,two-sided Student t confidence interval for the arithmetic mean; confidence=0.95; df=n-1,R-7 inclusive linear interpolation at probabilities 0.25 and 0.75,11015.7,11513.9,us
ringlpn.two-party-fc-model-scale.statistics.v2,ringlpn.two-party-fc-model-scale.v6,2026-08-10,6bd5e24f5e18eb744458d4aaf86d42a823857bc134ac1d4be25c95d49cf3c984,718570af4bf7afa523d029dfddcf0f3dae9e554c9c6e26b744999df193956f72,799f39ad2cc347a7a59a3efbe14d6ff3eaaf9dc843219414dc36d3e0a75793a1,bf4e4f9052b7575dcb6bb506d73d9786f2906881a8a74425242aca11489a18dd,fc8699fb14c3db9ecafb50e7207fea9a3057d21217b38be972c6cf48ff28a3c9,fb519e51c5e427da315ba5660588f239fd9381a3a6ce299464a50a042d7b9e43,CNN3,all-fc,passing measured aggregate rows only; warmups excluded,critical_path_conversion_us,10,39297.81,1702.3915207404226521113848079815482501463778639361,38785.7,38207.075,40773.6,2566.525,38079.992468972440202939007809315535981059503357632,40515.627531027559797060992190684464018940496642368,two-sided Student t confidence interval for the arithmetic mean; confidence=0.95; df=n-1,R-7 inclusive linear interpolation at probabilities 0.25 and 0.75,37229.6,41839.9,us
ringlpn.two-party-fc-model-scale.statistics.v2,ringlpn.two-party-fc-model-scale.v6,2026-08-10,6bd5e24f5e18eb744458d4aaf86d42a823857bc134ac1d4be25c95d49cf3c984,718570af4bf7afa523d029dfddcf0f3dae9e554c9c6e26b744999df193956f72,799f39ad2cc347a7a59a3efbe14d6ff3eaaf9dc843219414dc36d3e0a75793a1,bf4e4f9052b7575dcb6bb506d73d9786f2906881a8a74425242aca11489a18dd,fc8699fb14c3db9ecafb50e7207fea9a3057d21217b38be972c6cf48ff28a3c9,fb519e51c5e427da315ba5660588f239fd9381a3a6ce299464a50a042d7b9e43,CNN3,all-fc,passing measured aggregate rows only; warmups excluded,critical_path_serialization_us,10,612.0989,149.57911507251865600528129314364995813857725365997,572.57,500.12125,696.859,196.73775,505.09644704389335441263991380365075698792350303204,719.10135295610664558736008619634924301207649696796,two-sided Student t confidence interval for the arithmetic mean; confidence=0.95; df=n-1,R-7 inclusive linear interpolation at probabilities 0.25 and 0.75,458.623,945.218,us
ringlpn.two-party-fc-model-scale.statistics.v2,ringlpn.two-party-fc-model-scale.v6,2026-08-10,6bd5e24f5e18eb744458d4aaf86d42a823857bc134ac1d4be25c95d49cf3c984,718570af4bf7afa523d029dfddcf0f3dae9e554c9c6e26b744999df193956f72,799f39ad2cc347a7a59a3efbe14d6ff3eaaf9dc843219414dc36d3e0a75793a1,bf4e4f9052b7575dcb6bb506d73d9786f2906881a8a74425242aca11489a18dd,fc8699fb14c3db9ecafb50e7207fea9a3057d21217b38be972c6cf48ff28a3c9,fb519e51c5e427da315ba5660588f239fd9381a3a6ce299464a50a042d7b9e43,CNN3,all-fc,passing measured aggregate rows only; warmups excluded,critical_path_commit_us,10,209.5709,129.31993735731548056787890078598536451916179966057,158.6015,120.242,255.029,134.787,117.0609897317508950847233038375469709986258395531,302.0808102682491049152766961624530290013741604469,two-sided Student t confidence interval for the arithmetic mean; confidence=0.95; df=n-1,R-7 inclusive linear interpolation at probabilities 0.25 and 0.75,108.639,435.579,us
ringlpn.two-party-fc-model-scale.statistics.v2,ringlpn.two-party-fc-model-scale.v6,2026-08-10,6bd5e24f5e18eb744458d4aaf86d42a823857bc134ac1d4be25c95d49cf3c984,718570af4bf7afa523d029dfddcf0f3dae9e554c9c6e26b744999df193956f72,799f39ad2cc347a7a59a3efbe14d6ff3eaaf9dc843219414dc36d3e0a75793a1,bf4e4f9052b7575dcb6bb506d73d9786f2906881a8a74425242aca11489a18dd,fc8699fb14c3db9ecafb50e7207fea9a3057d21217b38be972c6cf48ff28a3c9,fb519e51c5e427da315ba5660588f239fd9381a3a6ce299464a50a042d7b9e43,CNN3,all-fc,passing measured aggregate rows only; warmups excluded,peak_host_rss_bytes,10,137465446.4,198255.14471071530472256100023256881613852055683347,137504768,137394176,137576448,182272,137323623.21308697672964757396183473606913981074685,137607269.58691302327035242603816526393086018925315,two-sided Student t confidence interval for the arithmetic mean; confidence=0.95; df=n-1,R-7 inclusive linear interpolation at probabilities 0.25 and 0.75,136990720,137662464,bytes
ringlpn.two-party-fc-model-scale.statistics.v2,ringlpn.two-party-fc-model-scale.v6,2026-08-10,6bd5e24f5e18eb744458d4aaf86d42a823857bc134ac1d4be25c95d49cf3c984,718570af4bf7afa523d029dfddcf0f3dae9e554c9c6e26b744999df193956f72,799f39ad2cc347a7a59a3efbe14d6ff3eaaf9dc843219414dc36d3e0a75793a1,bf4e4f9052b7575dcb6bb506d73d9786f2906881a8a74425242aca11489a18dd,fc8699fb14c3db9ecafb50e7207fea9a3057d21217b38be972c6cf48ff28a3c9,fb519e51c5e427da315ba5660588f239fd9381a3a6ce299464a50a042d7b9e43,CNN3,all-fc,passing measured aggregate rows only; warmups excluded,peak_gpu_bytes,10,431095808,0,431095808,431095808,431095808,0,431095808,431095808,two-sided Student t confidence interval for the arithmetic mean; confidence=0.95; df=n-1,R-7 inclusive linear interpolation at probabilities 0.25 and 0.75,431095808,431095808,bytes
ringlpn.two-party-fc-model-scale.statistics.v2,ringlpn.two-party-fc-model-scale.v6,2026-08-10,6bd5e24f5e18eb744458d4aaf86d42a823857bc134ac1d4be25c95d49cf3c984,718570af4bf7afa523d029dfddcf0f3dae9e554c9c6e26b744999df193956f72,799f39ad2cc347a7a59a3efbe14d6ff3eaaf9dc843219414dc36d3e0a75793a1,bf4e4f9052b7575dcb6bb506d73d9786f2906881a8a74425242aca11489a18dd,fc8699fb14c3db9ecafb50e7207fea9a3057d21217b38be972c6cf48ff28a3c9,fb519e51c5e427da315ba5660588f239fd9381a3a6ce299464a50a042d7b9e43,CNN3,all-fc,passing measured aggregate rows only; warmups excluded,minimum_observed_gpu_free_bytes,10,33395441664,0,33395441664,33395441664,33395441664,0,33395441664,33395441664,two-sided Student t confidence interval for the arithmetic mean; confidence=0.95; df=n-1,R-7 inclusive linear interpolation at probabilities 0.25 and 0.75,33395441664,33395441664,bytes
ringlpn.two-party-fc-model-scale.statistics.v2,ringlpn.two-party-fc-model-scale.v6,2026-08-10,6bd5e24f5e18eb744458d4aaf86d42a823857bc134ac1d4be25c95d49cf3c984,718570af4bf7afa523d029dfddcf0f3dae9e554c9c6e26b744999df193956f72,799f39ad2cc347a7a59a3efbe14d6ff3eaaf9dc843219414dc36d3e0a75793a1,bf4e4f9052b7575dcb6bb506d73d9786f2906881a8a74425242aca11489a18dd,fc8699fb14c3db9ecafb50e7207fea9a3057d21217b38be972c6cf48ff28a3c9,fb519e51c5e427da315ba5660588f239fd9381a3a6ce299464a50a042d7b9e43,CNN3,all-fc,passing measured aggregate rows only; warmups excluded,transport_bytes_total_including_base_ot,10,39476484,0,39476484,39476484,39476484,0,39476484,39476484,two-sided Student t confidence interval for the arithmetic mean; confidence=0.95; df=n-1,R-7 inclusive linear interpolation at probabilities 0.25 and 0.75,39476484,39476484,bytes
ringlpn.two-party-fc-model-scale.statistics.v2,ringlpn.two-party-fc-model-scale.v6,2026-08-10,6bd5e24f5e18eb744458d4aaf86d42a823857bc134ac1d4be25c95d49cf3c984,718570af4bf7afa523d029dfddcf0f3dae9e554c9c6e26b744999df193956f72,799f39ad2cc347a7a59a3efbe14d6ff3eaaf9dc843219414dc36d3e0a75793a1,bf4e4f9052b7575dcb6bb506d73d9786f2906881a8a74425242aca11489a18dd,fc8699fb14c3db9ecafb50e7207fea9a3057d21217b38be972c6cf48ff28a3c9,fb519e51c5e427da315ba5660588f239fd9381a3a6ce299464a50a042d7b9e43,CNN3,all-fc,passing measured aggregate rows only; warmups excluded,base_ot_setup_bytes_total,10,43658,0,43658,43658,43658,0,43658,43658,two-sided Student t confidence interval for the arithmetic mean; confidence=0.95; df=n-1,R-7 inclusive linear interpolation at probabilities 0.25 and 0.75,43658,43658,bytes
ringlpn.two-party-fc-model-scale.statistics.v2,ringlpn.two-party-fc-model-scale.v6,2026-08-10,6bd5e24f5e18eb744458d4aaf86d42a823857bc134ac1d4be25c95d49cf3c984,718570af4bf7afa523d029dfddcf0f3dae9e554c9c6e26b744999df193956f72,799f39ad2cc347a7a59a3efbe14d6ff3eaaf9dc843219414dc36d3e0a75793a1,bf4e4f9052b7575dcb6bb506d73d9786f2906881a8a74425242aca11489a18dd,fc8699fb14c3db9ecafb50e7207fea9a3057d21217b38be972c6cf48ff28a3c9,fb519e51c5e427da315ba5660588f239fd9381a3a6ce299464a50a042d7b9e43,CNN3,all-fc,passing measured aggregate rows only; warmups excluded,checker_us,10,162114.1,2292.9976231998148322895304703935811300479100697166,163081,160392.75,163799.5,3406.75,160473.78831486969728345494466216122175881898508551,163754.41168513030271654505533783877824118101491449,two-sided Student t confidence interval for the arithmetic mean; confidence=0.95; df=n-1,R-7 inclusive linear interpolation at probabilities 0.25 and 0.75,158100,164457,us
ringlpn.two-party-fc-model-scale.statistics.v2,ringlpn.two-party-fc-model-scale.v6,2026-08-10,6bd5e24f5e18eb744458d4aaf86d42a823857bc134ac1d4be25c95d49cf3c984,718570af4bf7afa523d029dfddcf0f3dae9e554c9c6e26b744999df193956f72,799f39ad2cc347a7a59a3efbe14d6ff3eaaf9dc843219414dc36d3e0a75793a1,bf4e4f9052b7575dcb6bb506d73d9786f2906881a8a74425242aca11489a18dd,fc8699fb14c3db9ecafb50e7207fea9a3057d21217b38be972c6cf48ff28a3c9,fb519e51c5e427da315ba5660588f239fd9381a3a6ce299464a50a042d7b9e43,CNN3,all-fc,passing measured aggregate rows only; warmups excluded,checker_peak_host_rss_bytes,10,129080115.2,173982.79325189986537887051610741829069818553696579,129140736,128911360,129188864,277504,128955655.40732718744051484794775678402141054644413,129204574.99267281255948515205224321597858945355587,two-sided Student t confidence interval for the arithmetic mean; confidence=0.95; df=n-1,R-7 inclusive linear interpolation at probabilities 0.25 and 0.75,128831488,129351680,bytes
ringlpn.two-party-fc-model-scale.statistics.v2,ringlpn.two-party-fc-model-scale.v6,2026-08-10,6bd5e24f5e18eb744458d4aaf86d42a823857bc134ac1d4be25c95d49cf3c984,718570af4bf7afa523d029dfddcf0f3dae9e554c9c6e26b744999df193956f72,799f39ad2cc347a7a59a3efbe14d6ff3eaaf9dc843219414dc36d3e0a75793a1,bf4e4f9052b7575dcb6bb506d73d9786f2906881a8a74425242aca11489a18dd,fc8699fb14c3db9ecafb50e7207fea9a3057d21217b38be972c6cf48ff28a3c9,fb519e51c5e427da315ba5660588f239fd9381a3a6ce299464a50a042d7b9e43,CNN3,all-fc,passing measured aggregate rows only; warmups excluded,checker_peak_gpu_bytes,10,433192960,0,433192960,433192960,433192960,0,433192960,433192960,two-sided Student t confidence interval for the arithmetic mean; confidence=0.95; df=n-1,R-7 inclusive linear interpolation at probabilities 0.25 and 0.75,433192960,433192960,bytes
ringlpn.two-party-fc-model-scale.statistics.v2,ringlpn.two-party-fc-model-scale.v6,2026-08-10,6bd5e24f5e18eb744458d4aaf86d42a823857bc134ac1d4be25c95d49cf3c984,718570af4bf7afa523d029dfddcf0f3dae9e554c9c6e26b744999df193956f72,799f39ad2cc347a7a59a3efbe14d6ff3eaaf9dc843219414dc36d3e0a75793a1,bf4e4f9052b7575dcb6bb506d73d9786f2906881a8a74425242aca11489a18dd,fc8699fb14c3db9ecafb50e7207fea9a3057d21217b38be972c6cf48ff28a3c9,fb519e51c5e427da315ba5660588f239fd9381a3a6ce299464a50a042d7b9e43,CNN3,all-fc,passing measured aggregate rows only; warmups excluded,checker_min_gpu_free_bytes,10,33393344512,0,33393344512,33393344512,33393344512,0,33393344512,33393344512,two-sided Student t confidence interval for the arithmetic mean; confidence=0.95; df=n-1,R-7 inclusive linear interpolation at probabilities 0.25 and 0.75,33393344512,33393344512,bytes
