tier,scheme,field,field_storage_bits,log_domain,points,seed,keygen_us,party0_full_eval_us,party1_full_eval_us,full_eval_serial_us,attempts,key_bytes_both,keygen_peak_extra_bytes,eval_peak_extra_bytes,output_bytes_per_party,validation
preliminary_candidate_regular,dpf,goldilocks_x2,128,11,1,1,2.985,68.897,54.492,123.389,1,512,512,204800,32768,pass
preliminary_candidate_regular,big_state,goldilocks_x2,128,11,1,1,21.331,157.158,126.401,283.559,1,7536,8576,262176,32768,pass
preliminary_candidate_regular,okvs,goldilocks_x2,128,11,1,1,208.105,460.819,475.603,936.422,1,573760,574610,100352,32768,pass
preliminary_candidate_regular,dpf,goldilocks_x2,128,11,2,1,3.825,112.651,81.222,193.873,1,1024,1024,204800,32768,pass
preliminary_candidate_regular,big_state,goldilocks_x2,128,11,2,1,21.738,135.573,113.144,248.717,1,10528,12496,262176,32768,pass
preliminary_candidate_regular,okvs,goldilocks_x2,128,11,2,1,181.061,419.952,403.936,823.888,1,521808,523492,100352,32768,pass
preliminary_candidate_regular,dpf,goldilocks_x2,128,11,3,1,4.463,147.770,116.035,263.805,1,1536,1536,204800,32768,pass
preliminary_candidate_regular,big_state,goldilocks_x2,128,11,3,1,29.764,154.600,125.691,280.291,1,15040,18720,262176,32768,pass
preliminary_candidate_regular,okvs,goldilocks_x2,128,11,3,1,198.921,409.114,395.172,804.286,1,521808,525110,100352,32768,pass
preliminary_candidate_regular,dpf,goldilocks_x2,128,11,4,1,5.257,183.170,157.911,341.081,1,2048,2048,204800,32768,pass
preliminary_candidate_regular,big_state,goldilocks_x2,128,11,4,1,36.012,157.286,130.936,288.222,1,23136,26960,262176,32768,pass
preliminary_candidate_regular,okvs,goldilocks_x2,128,11,4,1,214.802,462.547,410.053,872.600,1,469920,473272,100352,32768,pass
preliminary_candidate_regular,dpf,goldilocks_x2,128,11,5,1,6.129,229.388,193.726,423.114,1,2560,2560,204800,32768,pass
preliminary_candidate_regular,big_state,goldilocks_x2,128,11,5,1,46.501,150.908,116.021,266.929,1,36784,40752,262176,32768,pass
preliminary_candidate_regular,okvs,goldilocks_x2,128,11,5,1,206.803,424.137,399.543,823.680,1,469920,473322,100352,32768,pass
preliminary_candidate_regular,dpf,goldilocks_x2,128,11,6,1,6.855,260.114,239.031,499.145,1,3072,3072,204800,32768,pass
preliminary_candidate_regular,big_state,goldilocks_x2,128,11,6,1,60.260,153.289,124.876,278.165,1,63232,70480,262176,32768,pass
preliminary_candidate_regular,okvs,goldilocks_x2,128,11,6,1,240.651,418.535,412.306,830.841,1,469920,476508,100352,32768,pass
preliminary_candidate_regular,dpf,goldilocks_x2,128,11,7,1,8.625,327.978,299.446,627.424,1,3584,3584,204800,32768,pass
preliminary_candidate_regular,big_state,goldilocks_x2,128,11,7,1,74.172,139.789,112.381,252.170,1,115280,122672,262176,32768,pass
preliminary_candidate_regular,okvs,goldilocks_x2,128,11,7,1,255.483,421.057,431.605,852.662,1,469920,476558,100352,32768,pass
preliminary_candidate_regular,dpf,goldilocks_x2,128,11,8,1,8.451,321.461,303.028,624.489,1,4096,4096,204800,32768,pass
preliminary_candidate_regular,big_state,goldilocks_x2,128,11,8,1,113.385,154.357,117.332,271.689,1,218528,226064,262176,32768,pass
preliminary_candidate_regular,okvs,goldilocks_x2,128,11,8,1,248.250,421.102,413.304,834.406,1,418160,424848,100352,32768,pass
preliminary_candidate_regular,dpf,goldilocks_x2,128,11,9,1,10.462,404.318,374.485,778.803,1,4608,4608,204800,32768,pass
preliminary_candidate_regular,big_state,goldilocks_x2,128,11,9,1,111.562,159.871,134.816,294.687,1,221424,229104,262176,32768,pass
preliminary_candidate_regular,okvs,goldilocks_x2,128,11,9,1,300.745,467.933,461.565,929.498,1,418160,424898,100352,32768,pass
preliminary_candidate_regular,dpf,goldilocks_x2,128,11,10,1,11.433,439.142,426.185,865.327,1,5120,5120,204800,32768,pass
preliminary_candidate_regular,big_state,goldilocks_x2,128,11,10,1,114.631,177.073,149.339,326.412,1,223600,231424,262176,32768,pass
preliminary_candidate_regular,okvs,goldilocks_x2,128,11,10,1,292.803,407.626,395.199,802.825,1,418160,424948,100352,32768,pass
preliminary_candidate_regular,dpf,goldilocks_x2,128,11,11,1,10.987,431.871,410.326,842.197,1,5632,5632,204800,32768,pass
preliminary_candidate_regular,big_state,goldilocks_x2,128,11,11,1,120.033,159.427,136.807,296.234,1,227184,241424,262176,32768,pass
preliminary_candidate_regular,okvs,goldilocks_x2,128,11,11,1,344.891,411.169,401.549,812.718,1,418160,431270,100352,32768,pass
preliminary_candidate_regular,dpf,goldilocks_x2,128,11,12,1,11.798,491.234,452.050,943.284,1,6144,6144,204800,32768,pass
preliminary_candidate_regular,big_state,goldilocks_x2,128,11,12,1,125.716,159.171,134.836,294.007,1,233584,247968,262176,32768,pass
preliminary_candidate_regular,okvs,goldilocks_x2,128,11,12,1,366.099,426.939,391.027,817.966,1,418160,431320,100352,32768,pass
preliminary_candidate_regular,dpf,goldilocks_x2,128,11,13,1,12.771,504.698,486.903,991.601,1,6656,6656,204800,32768,pass
preliminary_candidate_regular,big_state,goldilocks_x2,128,11,13,1,132.142,159.368,135.391,294.759,1,245616,260144,262176,32768,pass
preliminary_candidate_regular,okvs,goldilocks_x2,128,11,13,1,400.569,404.149,393.936,798.085,1,418160,431370,100352,32768,pass
preliminary_candidate_regular,dpf,goldilocks_x2,128,11,14,1,13.441,574.441,518.360,1092.801,1,7168,7168,204800,32768,pass
preliminary_candidate_regular,big_state,goldilocks_x2,128,11,14,1,141.007,164.402,134.519,298.921,1,268912,283584,262176,32768,pass
preliminary_candidate_regular,okvs,goldilocks_x2,128,11,14,1,475.911,415.359,403.729,819.088,1,418160,431420,100352,32768,pass
preliminary_candidate_regular,dpf,goldilocks_x2,128,11,15,1,15.153,589.484,564.033,1153.517,1,7680,7680,204800,32768,pass
preliminary_candidate_regular,big_state,goldilocks_x2,128,11,15,1,159.372,164.882,135.918,300.800,1,314736,329552,262176,32768,pass
preliminary_candidate_regular,okvs,goldilocks_x2,128,11,15,1,494.829,436.961,405.137,842.098,1,418160,431470,100352,32768,pass
preliminary_candidate_regular,dpf,goldilocks_x2,128,11,16,1,15.859,607.696,600.279,1207.975,1,8192,8192,204800,32768,pass
preliminary_candidate_regular,big_state,goldilocks_x2,128,11,16,1,187.919,160.552,140.834,301.386,1,405616,420576,262176,32768,pass
preliminary_candidate_regular,okvs,goldilocks_x2,128,11,16,1,610.247,461.944,454.927,916.871,1,366656,380016,100352,32768,pass
preliminary_candidate_regular,dpf,goldilocks_x2,128,11,1,2,2.065,73.839,51.052,124.891,1,512,512,204800,32768,pass
preliminary_candidate_regular,big_state,goldilocks_x2,128,11,1,2,18.772,160.425,125.537,285.962,1,7536,8576,262176,32768,pass
preliminary_candidate_regular,okvs,goldilocks_x2,128,11,1,2,202.093,420.057,412.038,832.095,1,573760,574610,100352,32768,pass
preliminary_candidate_regular,dpf,goldilocks_x2,128,11,2,2,5.759,117.343,86.121,203.464,1,1024,1024,204800,32768,pass
preliminary_candidate_regular,big_state,goldilocks_x2,128,11,2,2,23.127,138.127,110.625,248.752,1,10528,12496,262176,32768,pass
preliminary_candidate_regular,okvs,goldilocks_x2,128,11,2,2,184.757,418.755,436.267,855.022,1,521808,523492,100352,32768,pass
preliminary_candidate_regular,dpf,goldilocks_x2,128,11,3,2,4.665,149.041,118.105,267.146,1,1536,1536,204800,32768,pass
preliminary_candidate_regular,big_state,goldilocks_x2,128,11,3,2,32.929,157.989,126.265,284.254,1,15040,18720,262176,32768,pass
preliminary_candidate_regular,okvs,goldilocks_x2,128,11,3,2,200.999,426.472,403.960,830.432,1,521808,525110,100352,32768,pass
preliminary_candidate_regular,dpf,goldilocks_x2,128,11,4,2,5.194,185.116,155.914,341.030,1,2048,2048,204800,32768,pass
preliminary_candidate_regular,big_state,goldilocks_x2,128,11,4,2,36.628,140.890,112.275,253.165,1,23136,26960,262176,32768,pass
preliminary_candidate_regular,okvs,goldilocks_x2,128,11,4,2,203.936,414.518,399.979,814.497,1,469920,473272,100352,32768,pass
preliminary_candidate_regular,dpf,goldilocks_x2,128,11,5,2,6.075,220.959,187.852,408.811,1,2560,2560,204800,32768,pass
preliminary_candidate_regular,big_state,goldilocks_x2,128,11,5,2,44.803,140.294,111.331,251.625,1,36784,40752,262176,32768,pass
preliminary_candidate_regular,okvs,goldilocks_x2,128,11,5,2,218.983,421.292,404.792,826.084,1,469920,473322,100352,32768,pass
preliminary_candidate_regular,dpf,goldilocks_x2,128,11,6,2,6.746,251.603,231.370,482.973,1,3072,3072,204800,32768,pass
preliminary_candidate_regular,big_state,goldilocks_x2,128,11,6,2,58.423,137.475,111.293,248.768,1,63232,70480,262176,32768,pass
preliminary_candidate_regular,okvs,goldilocks_x2,128,11,6,2,262.133,476.735,463.353,940.088,1,469920,476508,100352,32768,pass
preliminary_candidate_regular,dpf,goldilocks_x2,128,11,7,2,7.707,289.998,275.628,565.626,1,3584,3584,204800,32768,pass
preliminary_candidate_regular,big_state,goldilocks_x2,128,11,7,2,75.265,141.336,116.518,257.854,1,115280,122672,262176,32768,pass
preliminary_candidate_regular,okvs,goldilocks_x2,128,11,7,2,240.226,402.470,408.358,810.828,1,469920,476558,100352,32768,pass
preliminary_candidate_regular,dpf,goldilocks_x2,128,11,8,2,8.507,322.694,302.317,625.011,1,4096,4096,204800,32768,pass
preliminary_candidate_regular,big_state,goldilocks_x2,128,11,8,2,105.832,158.027,158.304,316.331,1,218528,226064,262176,32768,pass
preliminary_candidate_regular,okvs,goldilocks_x2,128,11,8,2,249.430,412.866,403.815,816.681,1,418160,424848,100352,32768,pass
preliminary_candidate_regular,dpf,goldilocks_x2,128,11,9,2,9.366,396.560,336.528,733.088,1,4608,4608,204800,32768,pass
preliminary_candidate_regular,big_state,goldilocks_x2,128,11,9,2,115.200,164.814,137.491,302.305,1,221424,229104,262176,32768,pass
preliminary_candidate_regular,okvs,goldilocks_x2,128,11,9,2,275.233,411.257,404.822,816.079,1,418160,424898,100352,32768,pass
preliminary_candidate_regular,dpf,goldilocks_x2,128,11,10,2,10.072,394.963,381.148,776.111,1,5120,5120,204800,32768,pass
preliminary_candidate_regular,big_state,goldilocks_x2,128,11,10,2,129.864,180.757,153.005,333.762,1,223600,231424,262176,32768,pass
preliminary_candidate_regular,okvs,goldilocks_x2,128,11,10,2,309.800,424.739,409.674,834.413,1,418160,424948,100352,32768,pass
preliminary_candidate_regular,dpf,goldilocks_x2,128,11,11,2,11.047,435.027,414.358,849.385,1,5632,5632,204800,32768,pass
preliminary_candidate_regular,big_state,goldilocks_x2,128,11,11,2,136.373,182.094,151.645,333.739,1,227184,241424,262176,32768,pass
preliminary_candidate_regular,okvs,goldilocks_x2,128,11,11,2,331.158,451.973,400.954,852.927,1,418160,431270,100352,32768,pass
preliminary_candidate_regular,dpf,goldilocks_x2,128,11,12,2,11.796,468.276,450.510,918.786,1,6144,6144,204800,32768,pass
preliminary_candidate_regular,big_state,goldilocks_x2,128,11,12,2,127.713,162.603,137.323,299.926,1,233584,247968,262176,32768,pass
preliminary_candidate_regular,okvs,goldilocks_x2,128,11,12,2,426.623,485.167,450.959,936.126,1,418160,431320,100352,32768,pass
preliminary_candidate_regular,dpf,goldilocks_x2,128,11,13,2,13.882,554.256,546.560,1100.816,1,6656,6656,204800,32768,pass
preliminary_candidate_regular,big_state,goldilocks_x2,128,11,13,2,149.315,178.447,150.239,328.686,1,245616,260144,262176,32768,pass
preliminary_candidate_regular,okvs,goldilocks_x2,128,11,13,2,421.068,420.273,416.059,836.332,1,418160,431370,100352,32768,pass
preliminary_candidate_regular,dpf,goldilocks_x2,128,11,14,2,13.217,541.529,530.592,1072.121,1,7168,7168,204800,32768,pass
preliminary_candidate_regular,big_state,goldilocks_x2,128,11,14,2,142.081,160.816,133.477,294.293,1,268912,283584,262176,32768,pass
preliminary_candidate_regular,okvs,goldilocks_x2,128,11,14,2,439.380,420.585,406.366,826.951,1,418160,431420,100352,32768,pass
preliminary_candidate_regular,dpf,goldilocks_x2,128,11,15,2,15.736,586.478,558.284,1144.762,1,7680,7680,204800,32768,pass
preliminary_candidate_regular,big_state,goldilocks_x2,128,11,15,2,159.198,160.270,142.489,302.759,1,314736,329552,262176,32768,pass
preliminary_candidate_regular,okvs,goldilocks_x2,128,11,15,2,438.244,407.805,398.458,806.263,1,418160,431470,100352,32768,pass
preliminary_candidate_regular,dpf,goldilocks_x2,128,11,16,2,17.625,677.424,675.255,1352.679,1,8192,8192,204800,32768,pass
preliminary_candidate_regular,big_state,goldilocks_x2,128,11,16,2,187.260,169.950,137.896,307.846,1,405616,420576,262176,32768,pass
preliminary_candidate_regular,okvs,goldilocks_x2,128,11,16,2,568.584,493.758,443.286,937.044,1,366656,380016,100352,32768,pass
preliminary_candidate_regular,dpf,goldilocks_x2,128,11,1,3,2.127,72.515,50.495,123.010,1,512,512,204800,32768,pass
preliminary_candidate_regular,big_state,goldilocks_x2,128,11,1,3,15.751,133.405,109.270,242.675,1,7536,8576,262176,32768,pass
preliminary_candidate_regular,okvs,goldilocks_x2,128,11,1,3,177.720,463.685,458.254,921.939,1,573760,574610,100352,32768,pass
preliminary_candidate_regular,dpf,goldilocks_x2,128,11,2,3,3.915,111.688,79.182,190.870,1,1024,1024,204800,32768,pass
preliminary_candidate_regular,big_state,goldilocks_x2,128,11,2,3,28.985,137.501,110.657,248.158,1,10528,12496,262176,32768,pass
preliminary_candidate_regular,okvs,goldilocks_x2,128,11,2,3,176.998,456.226,455.694,911.920,1,521808,523492,100352,32768,pass
preliminary_candidate_regular,dpf,goldilocks_x2,128,11,3,3,4.515,144.071,119.367,263.438,1,1536,1536,204800,32768,pass
preliminary_candidate_regular,big_state,goldilocks_x2,128,11,3,3,28.474,136.098,117.754,253.852,1,15040,18720,262176,32768,pass
preliminary_candidate_regular,okvs,goldilocks_x2,128,11,3,3,189.825,415.197,437.842,853.039,1,521808,525110,100352,32768,pass
preliminary_candidate_regular,dpf,goldilocks_x2,128,11,4,3,5.194,185.105,153.134,338.239,1,2048,2048,204800,32768,pass
preliminary_candidate_regular,big_state,goldilocks_x2,128,11,4,3,38.408,155.178,135.660,290.838,1,23136,26960,262176,32768,pass
preliminary_candidate_regular,okvs,goldilocks_x2,128,11,4,3,191.060,418.089,410.844,828.933,1,469920,473272,100352,32768,pass
preliminary_candidate_regular,dpf,goldilocks_x2,128,11,5,3,6.044,215.227,196.235,411.462,1,2560,2560,204800,32768,pass
preliminary_candidate_regular,big_state,goldilocks_x2,128,11,5,3,43.669,140.397,113.569,253.966,1,36784,40752,262176,32768,pass
preliminary_candidate_regular,okvs,goldilocks_x2,128,11,5,3,236.648,492.882,471.525,964.407,1,469920,473322,100352,32768,pass
preliminary_candidate_regular,dpf,goldilocks_x2,128,11,6,3,7.608,279.429,253.524,532.953,1,3072,3072,204800,32768,pass
preliminary_candidate_regular,big_state,goldilocks_x2,128,11,6,3,61.705,153.221,124.343,277.564,1,63232,70480,262176,32768,pass
preliminary_candidate_regular,okvs,goldilocks_x2,128,11,6,3,223.356,425.326,415.306,840.632,1,469920,476508,100352,32768,pass
preliminary_candidate_regular,dpf,goldilocks_x2,128,11,7,3,7.728,283.904,260.711,544.615,1,3584,3584,204800,32768,pass
preliminary_candidate_regular,big_state,goldilocks_x2,128,11,7,3,84.728,153.243,126.962,280.205,1,115280,122672,262176,32768,pass
preliminary_candidate_regular,okvs,goldilocks_x2,128,11,7,3,237.099,418.388,402.031,820.419,1,469920,476558,100352,32768,pass
preliminary_candidate_regular,dpf,goldilocks_x2,128,11,8,3,8.476,320.613,297.282,617.895,1,4096,4096,204800,32768,pass
preliminary_candidate_regular,big_state,goldilocks_x2,128,11,8,3,100.985,139.398,112.403,251.801,1,218528,226064,262176,32768,pass
preliminary_candidate_regular,okvs,goldilocks_x2,128,11,8,3,258.483,502.651,441.056,943.707,1,418160,424848,100352,32768,pass
preliminary_candidate_regular,dpf,goldilocks_x2,128,11,9,3,9.218,387.133,386.538,773.671,1,4608,4608,204800,32768,pass
preliminary_candidate_regular,big_state,goldilocks_x2,128,11,9,3,107.258,159.616,146.291,305.907,1,221424,229104,262176,32768,pass
preliminary_candidate_regular,okvs,goldilocks_x2,128,11,9,3,265.733,400.725,389.093,789.818,1,418160,424898,100352,32768,pass
preliminary_candidate_regular,dpf,goldilocks_x2,128,11,10,3,11.480,436.797,421.658,858.455,1,5120,5120,204800,32768,pass
preliminary_candidate_regular,big_state,goldilocks_x2,128,11,10,3,119.739,181.749,153.695,335.444,1,223600,231424,262176,32768,pass
preliminary_candidate_regular,okvs,goldilocks_x2,128,11,10,3,313.326,467.175,450.241,917.416,1,418160,424948,100352,32768,pass
preliminary_candidate_regular,dpf,goldilocks_x2,128,11,11,3,12.383,542.056,519.261,1061.317,1,5632,5632,204800,32768,pass
preliminary_candidate_regular,big_state,goldilocks_x2,128,11,11,3,174.953,237.219,195.327,432.546,1,227184,241424,262176,32768,pass
preliminary_candidate_regular,okvs,goldilocks_x2,128,11,11,3,351.993,433.702,413.277,846.979,1,418160,431270,100352,32768,pass
preliminary_candidate_regular,dpf,goldilocks_x2,128,11,12,3,12.000,461.169,454.571,915.740,1,6144,6144,204800,32768,pass
preliminary_candidate_regular,big_state,goldilocks_x2,128,11,12,3,136.031,180.244,151.068,331.312,1,233584,247968,262176,32768,pass
preliminary_candidate_regular,okvs,goldilocks_x2,128,11,12,3,411.133,402.100,391.249,793.349,1,418160,431320,100352,32768,pass
preliminary_candidate_regular,dpf,goldilocks_x2,128,11,13,3,13.826,504.771,483.520,988.291,1,6656,6656,204800,32768,pass
preliminary_candidate_regular,big_state,goldilocks_x2,128,11,13,3,132.310,159.367,133.846,293.213,1,245616,260144,262176,32768,pass
preliminary_candidate_regular,okvs,goldilocks_x2,128,11,13,3,425.985,411.068,399.377,810.445,1,418160,431370,100352,32768,pass
preliminary_candidate_regular,dpf,goldilocks_x2,128,11,14,3,13.360,535.547,519.350,1054.897,1,7168,7168,204800,32768,pass
preliminary_candidate_regular,big_state,goldilocks_x2,128,11,14,3,198.514,164.339,137.454,301.793,1,268912,283584,262176,32768,pass
preliminary_candidate_regular,okvs,goldilocks_x2,128,11,14,3,498.909,447.490,440.274,887.764,1,418160,431420,100352,32768,pass
preliminary_candidate_regular,dpf,goldilocks_x2,128,11,15,3,15.298,573.755,555.694,1129.449,1,7680,7680,204800,32768,pass
preliminary_candidate_regular,big_state,goldilocks_x2,128,11,15,3,160.831,162.389,136.265,298.654,1,314736,329552,262176,32768,pass
preliminary_candidate_regular,okvs,goldilocks_x2,128,11,15,3,481.866,410.867,397.404,808.271,1,418160,431470,100352,32768,pass
preliminary_candidate_regular,dpf,goldilocks_x2,128,11,16,3,15.633,627.787,597.013,1224.800,1,8192,8192,204800,32768,pass
preliminary_candidate_regular,big_state,goldilocks_x2,128,11,16,3,190.490,164.821,138.283,303.104,1,405616,420576,262176,32768,pass
preliminary_candidate_regular,okvs,goldilocks_x2,128,11,16,3,505.958,405.236,442.124,847.360,1,366656,380016,100352,32768,pass
