date,schema,status,row_kind,candidate,distribution,source_model,applicability,N,k,w,block_size_b,projection_degree,coefficient_limb,coefficient_prime,algorithm,time_raw_log2,memory_raw_log2,optimal_parameters,orbit_size,orbit_sqrt_sensitivity_bits,time_optional_orbit_sensitivity_log2,orbit_treatment,domain_guard,executable,dependency_status,success_semantics,memory_semantics,data_semantics,assumptions,warnings,source_revision,artifact_url,artifact_page,artifact_zip_sha256,source_member,source_member_sha256,analysis_sha256,script_sha256,record_sha256
2026-08-04,crypto-2024-regular-isd-diagnostic-v1,INTERNAL_ADVISOR_DIAGNOSTIC_NO_SECURITY_PIN,direct_regular_sd_formula,n20_c4_t16,exact live direct: c polynomials; one uniform position/public bucket; iid uniform F_p* payloads,CRYPTO-2024 artifact regular-SD concrete formula; q is absent,DIRECT_RSD_CANDIDATE_FIELD_TRANSFER_UNPROVED,4194304,3145728,64,65536,,p0+p1 (q not an artifact input),not_input,permutation,189.994540749332,42.000000000000,{},1048576,10.000000000000,179.994540749332,raw preserved; separate optional -0.5*log2(n) sensitivity only; arbitrary-decoder speedup heuristic,"pass: N=w*b, 0<k<N, k-w>0, finite optimum",yes,stdlib transcription; accepted zip and members verified,artifact expected-work formula including its per-iteration success term where present,artifact log2 storage-cost proxy; unit not specified by notebook,one public sample; orbit generated locally and not materialized,artifact rank/list/independence and source field model; structured negacyclic matrix transfer unproved; q-ary payload transfer unproved,artifact has no q input; transfer from its source model to iid-uniform-F_p-star payloads is unproved,afe1e408f8a46aebc15293462480f478ff969923,https://artifacts.iacr.org/files/crypto/2024/crypto-2024-a1.zip,https://artifacts.iacr.org/crypto/2024/a1/,04ae2586fccb10481efb861104176e4aaabb380c3cb9704b97ce3c4768a282cb,Regular-ISD/Concrete numbers/estimates.ipynb,cebb0861f1faa53be59eb4c11a2e38219612e1fc8d39e6cb3ce597e28717c9ec,39159736d43e954c565645c76e0cbe1ac433e92ba1f2dcc8f2ab847af8f89dfc,b0864d27f03d76dd3f0bd660d33c71063ad0380498d1e07dcddc1e2f4907eff9,7bd07b750bbdc26e4450eb219bf849a1edfee193505b1a38559360dbc878e1d5
2026-08-04,crypto-2024-regular-isd-diagnostic-v1,INTERNAL_ADVISOR_DIAGNOSTIC_NO_SECURITY_PIN,direct_regular_sd_formula,n20_c4_t16,exact live direct: c polynomials; one uniform position/public bucket; iid uniform F_p* payloads,CRYPTO-2024 artifact regular-SD concrete formula; q is absent,DIRECT_RSD_CANDIDATE_FIELD_TRANSFER_UNPROVED,4194304,3145728,64,65536,,p0+p1 (q not an artifact input),not_input,enumeration,166.873919484569,62.124099297966,"{""ell"":40,""p"":4}",1048576,10.000000000000,156.873919484569,raw preserved; separate optional -0.5*log2(n) sensitivity only; arbitrary-decoder speedup heuristic,"pass: N=w*b, 0<k<N, k-w>0, finite optimum",yes,stdlib transcription; accepted zip and members verified,artifact expected-work formula including its per-iteration success term where present,artifact log2 storage-cost proxy; unit not specified by notebook,one public sample; orbit generated locally and not materialized,artifact rank/list/independence and source field model; structured negacyclic matrix transfer unproved; q-ary payload transfer unproved,artifact has no q input; transfer from its source model to iid-uniform-F_p-star payloads is unproved,afe1e408f8a46aebc15293462480f478ff969923,https://artifacts.iacr.org/files/crypto/2024/crypto-2024-a1.zip,https://artifacts.iacr.org/crypto/2024/a1/,04ae2586fccb10481efb861104176e4aaabb380c3cb9704b97ce3c4768a282cb,Regular-ISD/Concrete numbers/estimates.ipynb,cebb0861f1faa53be59eb4c11a2e38219612e1fc8d39e6cb3ce597e28717c9ec,39159736d43e954c565645c76e0cbe1ac433e92ba1f2dcc8f2ab847af8f89dfc,b0864d27f03d76dd3f0bd660d33c71063ad0380498d1e07dcddc1e2f4907eff9,de5b238fbe753bf1fba5654e99f2158fc52fec0f9329b315ea163b33fc5f54dc
2026-08-04,crypto-2024-regular-isd-diagnostic-v1,INTERNAL_ADVISOR_DIAGNOSTIC_NO_SECURITY_PIN,direct_regular_sd_formula,n20_c4_t16,exact live direct: c polynomials; one uniform position/public bucket; iid uniform F_p* payloads,CRYPTO-2024 artifact regular-SD concrete formula; q is absent,DIRECT_RSD_CANDIDATE_FIELD_TRANSFER_UNPROVED,4194304,3145728,64,65536,,p0+p1 (q not an artifact input),not_input,representation,184.306725253057,97.248398552489,"{""ell"":149,""ell_max"":156,""ell_min"":52,""ell_x"":84,""ell_y"":5,""eps_x"":4,""eps_y"":0,""p"":8}",1048576,10.000000000000,174.306725253057,raw preserved; separate optional -0.5*log2(n) sensitivity only; arbitrary-decoder speedup heuristic,"pass: N=w*b, 0<k<N, k-w>0, finite optimum",yes,stdlib transcription; accepted zip and members verified,artifact expected-work formula including its per-iteration success term where present,artifact log2 storage-cost proxy; unit not specified by notebook,one public sample; orbit generated locally and not materialized,artifact rank/list/independence and source field model; structured negacyclic matrix transfer unproved; q-ary payload transfer unproved,artifact has no q input; transfer from its source model to iid-uniform-F_p-star payloads is unproved,afe1e408f8a46aebc15293462480f478ff969923,https://artifacts.iacr.org/files/crypto/2024/crypto-2024-a1.zip,https://artifacts.iacr.org/crypto/2024/a1/,04ae2586fccb10481efb861104176e4aaabb380c3cb9704b97ce3c4768a282cb,Regular-ISD/Concrete numbers/estimates.ipynb,cebb0861f1faa53be59eb4c11a2e38219612e1fc8d39e6cb3ce597e28717c9ec,39159736d43e954c565645c76e0cbe1ac433e92ba1f2dcc8f2ab847af8f89dfc,b0864d27f03d76dd3f0bd660d33c71063ad0380498d1e07dcddc1e2f4907eff9,b889bf199889c9ad666cf69b1b2527516c4b531ff47e07975103e47c63062836
2026-08-04,crypto-2024-regular-isd-diagnostic-v1,INTERNAL_ADVISOR_DIAGNOSTIC_NO_SECURITY_PIN,direct_regular_sd_formula,n20_c4_t16,exact live direct: c polynomials; one uniform position/public bucket; iid uniform F_p* payloads,CRYPTO-2024 artifact regular-SD concrete formula; q is absent,DIRECT_RSD_CANDIDATE_FIELD_TRANSFER_UNPROVED,4194304,3145728,64,65536,,p0+p1 (q not an artifact input),not_input,representation_depth_2,165.919804806757,61.169903904827,"{""ell"":41,""ell_max"":81,""ell_min"":27,""ell_x"":2,""eps_x"":0,""p"":4}",1048576,10.000000000000,155.919804806757,raw preserved; separate optional -0.5*log2(n) sensitivity only; arbitrary-decoder speedup heuristic,"pass: N=w*b, 0<k<N, k-w>0, finite optimum",yes,stdlib transcription; accepted zip and members verified,artifact expected-work formula including its per-iteration success term where present,artifact log2 storage-cost proxy; unit not specified by notebook,one public sample; orbit generated locally and not materialized,artifact rank/list/independence and source field model; structured negacyclic matrix transfer unproved; q-ary payload transfer unproved,artifact has no q input; transfer from its source model to iid-uniform-F_p-star payloads is unproved,afe1e408f8a46aebc15293462480f478ff969923,https://artifacts.iacr.org/files/crypto/2024/crypto-2024-a1.zip,https://artifacts.iacr.org/crypto/2024/a1/,04ae2586fccb10481efb861104176e4aaabb380c3cb9704b97ce3c4768a282cb,Regular-ISD/Concrete numbers/estimates.ipynb,cebb0861f1faa53be59eb4c11a2e38219612e1fc8d39e6cb3ce597e28717c9ec,39159736d43e954c565645c76e0cbe1ac433e92ba1f2dcc8f2ab847af8f89dfc,b0864d27f03d76dd3f0bd660d33c71063ad0380498d1e07dcddc1e2f4907eff9,5f94bcff860f671b98caf431c71454a85ea06fbae301aa6ae5b27ecc055bd47c
2026-08-04,crypto-2024-regular-isd-diagnostic-v1,INTERNAL_ADVISOR_DIAGNOSTIC_NO_SECURITY_PIN,direct_regular_sd_formula,n20_c4_t16,exact live direct: c polynomials; one uniform position/public bucket; iid uniform F_p* payloads,CRYPTO-2024 artifact regular-SD concrete formula; q is absent,DIRECT_RSD_CANDIDATE_FIELD_TRANSFER_UNPROVED,4194304,3145728,64,65536,,p0+p1 (q not an artifact input),not_input,CCJ,407.046569279884,406.046387426566,"{""ell"":396,""k_tilde"":3145712.0057984283}",1048576,10.000000000000,397.046569279884,raw preserved; separate optional -0.5*log2(n) sensitivity only; arbitrary-decoder speedup heuristic,"pass: N=w*b, 0<k<N, k-w>0, finite optimum",yes,stdlib transcription; accepted zip and members verified,artifact expected-work formula including its per-iteration success term where present,artifact log2 storage-cost proxy; unit not specified by notebook,one public sample; orbit generated locally and not materialized,artifact rank/list/independence and source field model; structured negacyclic matrix transfer unproved; q-ary payload transfer unproved,artifact has no q input; transfer from its source model to iid-uniform-F_p-star payloads is unproved,afe1e408f8a46aebc15293462480f478ff969923,https://artifacts.iacr.org/files/crypto/2024/crypto-2024-a1.zip,https://artifacts.iacr.org/crypto/2024/a1/,04ae2586fccb10481efb861104176e4aaabb380c3cb9704b97ce3c4768a282cb,Regular-ISD/Concrete numbers/estimates.ipynb,cebb0861f1faa53be59eb4c11a2e38219612e1fc8d39e6cb3ce597e28717c9ec,39159736d43e954c565645c76e0cbe1ac433e92ba1f2dcc8f2ab847af8f89dfc,b0864d27f03d76dd3f0bd660d33c71063ad0380498d1e07dcddc1e2f4907eff9,6a3ff709976c6a725657571caa44839b3204ae47686c1f90da6fab24cd70e15d
2026-08-04,crypto-2024-regular-isd-diagnostic-v1,INTERNAL_ADVISOR_DIAGNOSTIC_NO_SECURITY_PIN,direct_regular_sd_formula,n20_c4_t16,exact live direct: c polynomials; one uniform position/public bucket; iid uniform F_p* payloads,CRYPTO-2024 artifact regular-SD concrete formula; q is absent,DIRECT_RSD_CANDIDATE_FIELD_TRANSFER_UNPROVED,4194304,3145728,64,65536,,p0+p1 (q not an artifact input),not_input,CCJ_linearization,189.996638003873,42.000000000000,{},1048576,10.000000000000,179.996638003873,raw preserved; separate optional -0.5*log2(n) sensitivity only; arbitrary-decoder speedup heuristic,"pass: N=w*b, 0<k<N, k-w>0, finite optimum",yes,stdlib transcription; accepted zip and members verified,artifact expected-work formula including its per-iteration success term where present,artifact log2 storage-cost proxy; unit not specified by notebook,one public sample; orbit generated locally and not materialized,artifact rank/list/independence and source field model; structured negacyclic matrix transfer unproved; q-ary payload transfer unproved,artifact has no q input; transfer from its source model to iid-uniform-F_p-star payloads is unproved,afe1e408f8a46aebc15293462480f478ff969923,https://artifacts.iacr.org/files/crypto/2024/crypto-2024-a1.zip,https://artifacts.iacr.org/crypto/2024/a1/,04ae2586fccb10481efb861104176e4aaabb380c3cb9704b97ce3c4768a282cb,Regular-ISD/Concrete numbers/estimates.ipynb,cebb0861f1faa53be59eb4c11a2e38219612e1fc8d39e6cb3ce597e28717c9ec,39159736d43e954c565645c76e0cbe1ac433e92ba1f2dcc8f2ab847af8f89dfc,b0864d27f03d76dd3f0bd660d33c71063ad0380498d1e07dcddc1e2f4907eff9,65ab4f40346e1dcd4c0d32f26bac0e5c6888d013da25f754b77a83fcdb448eaa
2026-08-04,crypto-2024-regular-isd-diagnostic-v1,INTERNAL_ADVISOR_DIAGNOSTIC_NO_SECURITY_PIN,generic_bjmm_incompatibility,n20_c4_t16,exact live direct RSD with iid uniform F_p* payloads,"artifact calls CryptographicEstimators binary SDEstimator(n,k,w,nsolutions=0)",INCOMPATIBLE_WITH_LIVE_QARY_MODEL,4194304,3145728,64,65536,,p0,4611686018326724609,generic_BJMM_depth_2,,,,1048576,10.000000000000,,no subtraction because no executable raw cost; optional orbit sensitivity remains heuristic,reject: no q parameter and external estimator revision absent,no,IMMUTABLE_ARTIFACT_INCOMPATIBILITY: CryptographicEstimators/Sage dependency has no pinned revision/version,artifact passes nsolutions=0; exact dependency semantics unavailable from archive,"unavailable; known dump rows only, no candidate row",one public sample; q-specific live limb listed explicitly,none silently imported,no BJMM number emitted; installing a current estimator would not reproduce the immutable artifact,afe1e408f8a46aebc15293462480f478ff969923,https://artifacts.iacr.org/files/crypto/2024/crypto-2024-a1.zip,https://artifacts.iacr.org/crypto/2024/a1/,04ae2586fccb10481efb861104176e4aaabb380c3cb9704b97ce3c4768a282cb,Regular-ISD/Concrete numbers/estimates.ipynb,cebb0861f1faa53be59eb4c11a2e38219612e1fc8d39e6cb3ce597e28717c9ec,39159736d43e954c565645c76e0cbe1ac433e92ba1f2dcc8f2ab847af8f89dfc,b0864d27f03d76dd3f0bd660d33c71063ad0380498d1e07dcddc1e2f4907eff9,871b91fc3fd31838c2574b6914cf70215755ed7ffc91ca028e0a9e761918e04e
2026-08-04,crypto-2024-regular-isd-diagnostic-v1,INTERNAL_ADVISOR_DIAGNOSTIC_NO_SECURITY_PIN,generic_bjmm_incompatibility,n20_c4_t16,exact live direct RSD with iid uniform F_p* payloads,"artifact calls CryptographicEstimators binary SDEstimator(n,k,w,nsolutions=0)",INCOMPATIBLE_WITH_LIVE_QARY_MODEL,4194304,3145728,64,65536,,p1,4611686018309947393,generic_BJMM_depth_2,,,,1048576,10.000000000000,,no subtraction because no executable raw cost; optional orbit sensitivity remains heuristic,reject: no q parameter and external estimator revision absent,no,IMMUTABLE_ARTIFACT_INCOMPATIBILITY: CryptographicEstimators/Sage dependency has no pinned revision/version,artifact passes nsolutions=0; exact dependency semantics unavailable from archive,"unavailable; known dump rows only, no candidate row",one public sample; q-specific live limb listed explicitly,none silently imported,no BJMM number emitted; installing a current estimator would not reproduce the immutable artifact,afe1e408f8a46aebc15293462480f478ff969923,https://artifacts.iacr.org/files/crypto/2024/crypto-2024-a1.zip,https://artifacts.iacr.org/crypto/2024/a1/,04ae2586fccb10481efb861104176e4aaabb380c3cb9704b97ce3c4768a282cb,Regular-ISD/Concrete numbers/estimates.ipynb,cebb0861f1faa53be59eb4c11a2e38219612e1fc8d39e6cb3ce597e28717c9ec,39159736d43e954c565645c76e0cbe1ac433e92ba1f2dcc8f2ab847af8f89dfc,b0864d27f03d76dd3f0bd660d33c71063ad0380498d1e07dcddc1e2f4907eff9,f3cc09b29cf81f1b039d15f3684a91fcfea6445c1d82e2d2dca3f02c1f30a7b4
2026-08-04,crypto-2024-regular-isd-diagnostic-v1,INTERNAL_ADVISOR_DIAGNOSTIC_NO_SECURITY_PIN,direct_regular_sd_formula,n20_c4_t32,exact live direct: c polynomials; one uniform position/public bucket; iid uniform F_p* payloads,CRYPTO-2024 artifact regular-SD concrete formula; q is absent,DIRECT_RSD_CANDIDATE_FIELD_TRANSFER_UNPROVED,4194304,3145728,128,32768,,p0+p1 (q not an artifact input),not_input,permutation,317.977811464708,42.000000000000,{},1048576,10.000000000000,307.977811464708,raw preserved; separate optional -0.5*log2(n) sensitivity only; arbitrary-decoder speedup heuristic,"pass: N=w*b, 0<k<N, k-w>0, finite optimum",yes,stdlib transcription; accepted zip and members verified,artifact expected-work formula including its per-iteration success term where present,artifact log2 storage-cost proxy; unit not specified by notebook,one public sample; orbit generated locally and not materialized,artifact rank/list/independence and source field model; structured negacyclic matrix transfer unproved; q-ary payload transfer unproved,artifact has no q input; transfer from its source model to iid-uniform-F_p-star payloads is unproved,afe1e408f8a46aebc15293462480f478ff969923,https://artifacts.iacr.org/files/crypto/2024/crypto-2024-a1.zip,https://artifacts.iacr.org/crypto/2024/a1/,04ae2586fccb10481efb861104176e4aaabb380c3cb9704b97ce3c4768a282cb,Regular-ISD/Concrete numbers/estimates.ipynb,cebb0861f1faa53be59eb4c11a2e38219612e1fc8d39e6cb3ce597e28717c9ec,39159736d43e954c565645c76e0cbe1ac433e92ba1f2dcc8f2ab847af8f89dfc,b0864d27f03d76dd3f0bd660d33c71063ad0380498d1e07dcddc1e2f4907eff9,cfbc81bd2b103e0ad70cdc5fbde8a21864a41ce7c9f68ca178b98f655182a079
2026-08-04,crypto-2024-regular-isd-diagnostic-v1,INTERNAL_ADVISOR_DIAGNOSTIC_NO_SECURITY_PIN,direct_regular_sd_formula,n20_c4_t32,exact live direct: c polynomials; one uniform position/public bucket; iid uniform F_p* payloads,CRYPTO-2024 artifact regular-SD concrete formula; q is absent,DIRECT_RSD_CANDIDATE_FIELD_TRANSFER_UNPROVED,4194304,3145728,128,32768,,p0+p1 (q not an artifact input),not_input,enumeration,290.837863025840,62.147124206622,"{""ell"":40,""p"":4}",1048576,10.000000000000,280.837863025840,raw preserved; separate optional -0.5*log2(n) sensitivity only; arbitrary-decoder speedup heuristic,"pass: N=w*b, 0<k<N, k-w>0, finite optimum",yes,stdlib transcription; accepted zip and members verified,artifact expected-work formula including its per-iteration success term where present,artifact log2 storage-cost proxy; unit not specified by notebook,one public sample; orbit generated locally and not materialized,artifact rank/list/independence and source field model; structured negacyclic matrix transfer unproved; q-ary payload transfer unproved,artifact has no q input; transfer from its source model to iid-uniform-F_p-star payloads is unproved,afe1e408f8a46aebc15293462480f478ff969923,https://artifacts.iacr.org/files/crypto/2024/crypto-2024-a1.zip,https://artifacts.iacr.org/crypto/2024/a1/,04ae2586fccb10481efb861104176e4aaabb380c3cb9704b97ce3c4768a282cb,Regular-ISD/Concrete numbers/estimates.ipynb,cebb0861f1faa53be59eb4c11a2e38219612e1fc8d39e6cb3ce597e28717c9ec,39159736d43e954c565645c76e0cbe1ac433e92ba1f2dcc8f2ab847af8f89dfc,b0864d27f03d76dd3f0bd660d33c71063ad0380498d1e07dcddc1e2f4907eff9,a65318e81995560f05d39d39daf0aae75fedc7c0ad3b39aa5abcc742ae17096d
2026-08-04,crypto-2024-regular-isd-diagnostic-v1,INTERNAL_ADVISOR_DIAGNOSTIC_NO_SECURITY_PIN,direct_regular_sd_formula,n20_c4_t32,exact live direct: c polynomials; one uniform position/public bucket; iid uniform F_p* payloads,CRYPTO-2024 artifact regular-SD concrete formula; q is absent,DIRECT_RSD_CANDIDATE_FIELD_TRANSFER_UNPROVED,4194304,3145728,128,32768,,p0+p1 (q not an artifact input),not_input,representation,303.097811132278,97.294321794095,"{""ell"":80,""ell_max"":82,""ell_min"":28,""ell_x"":5,""ell_y"":2,""eps_x"":0,""eps_y"":0,""p"":8}",1048576,10.000000000000,293.097811132278,raw preserved; separate optional -0.5*log2(n) sensitivity only; arbitrary-decoder speedup heuristic,"pass: N=w*b, 0<k<N, k-w>0, finite optimum",yes,stdlib transcription; accepted zip and members verified,artifact expected-work formula including its per-iteration success term where present,artifact log2 storage-cost proxy; unit not specified by notebook,one public sample; orbit generated locally and not materialized,artifact rank/list/independence and source field model; structured negacyclic matrix transfer unproved; q-ary payload transfer unproved,artifact has no q input; transfer from its source model to iid-uniform-F_p-star payloads is unproved,afe1e408f8a46aebc15293462480f478ff969923,https://artifacts.iacr.org/files/crypto/2024/crypto-2024-a1.zip,https://artifacts.iacr.org/crypto/2024/a1/,04ae2586fccb10481efb861104176e4aaabb380c3cb9704b97ce3c4768a282cb,Regular-ISD/Concrete numbers/estimates.ipynb,cebb0861f1faa53be59eb4c11a2e38219612e1fc8d39e6cb3ce597e28717c9ec,39159736d43e954c565645c76e0cbe1ac433e92ba1f2dcc8f2ab847af8f89dfc,b0864d27f03d76dd3f0bd660d33c71063ad0380498d1e07dcddc1e2f4907eff9,c3335f0c0717e21cbfa1f1002cceb27d2b1eb8925a332bfb81d447ee0d96e4c2
2026-08-04,crypto-2024-regular-isd-diagnostic-v1,INTERNAL_ADVISOR_DIAGNOSTIC_NO_SECURITY_PIN,direct_regular_sd_formula,n20_c4_t32,exact live direct: c polynomials; one uniform position/public bucket; iid uniform F_p* payloads,CRYPTO-2024 artifact regular-SD concrete formula; q is absent,DIRECT_RSD_CANDIDATE_FIELD_TRANSFER_UNPROVED,4194304,3145728,128,32768,,p0+p1 (q not an artifact input),not_input,representation_depth_2,289.860752777628,61.169845200389,"{""ell"":41,""ell_max"":84,""ell_min"":28,""ell_x"":2,""eps_x"":0,""p"":4}",1048576,10.000000000000,279.860752777628,raw preserved; separate optional -0.5*log2(n) sensitivity only; arbitrary-decoder speedup heuristic,"pass: N=w*b, 0<k<N, k-w>0, finite optimum",yes,stdlib transcription; accepted zip and members verified,artifact expected-work formula including its per-iteration success term where present,artifact log2 storage-cost proxy; unit not specified by notebook,one public sample; orbit generated locally and not materialized,artifact rank/list/independence and source field model; structured negacyclic matrix transfer unproved; q-ary payload transfer unproved,artifact has no q input; transfer from its source model to iid-uniform-F_p-star payloads is unproved,afe1e408f8a46aebc15293462480f478ff969923,https://artifacts.iacr.org/files/crypto/2024/crypto-2024-a1.zip,https://artifacts.iacr.org/crypto/2024/a1/,04ae2586fccb10481efb861104176e4aaabb380c3cb9704b97ce3c4768a282cb,Regular-ISD/Concrete numbers/estimates.ipynb,cebb0861f1faa53be59eb4c11a2e38219612e1fc8d39e6cb3ce597e28717c9ec,39159736d43e954c565645c76e0cbe1ac433e92ba1f2dcc8f2ab847af8f89dfc,b0864d27f03d76dd3f0bd660d33c71063ad0380498d1e07dcddc1e2f4907eff9,c83c34988e601ee34213f4107ff3cc75593b1eff70ae52f2705fe32a40881dd0
2026-08-04,crypto-2024-regular-isd-diagnostic-v1,INTERNAL_ADVISOR_DIAGNOSTIC_NO_SECURITY_PIN,direct_regular_sd_formula_incompatibility,n20_c4_t32,exact live direct: c polynomials; one uniform position/public bucket; iid uniform F_p* payloads,CRYPTO-2024 artifact regular-SD concrete formula; q is absent,IMMUTABLE_ARTIFACT_NUMERIC_INCOMPATIBILITY,4194304,3145728,128,32768,,p0+p1 (q not an artifact input),not_input,CCJ,,,{},1048576,10.000000000000,,no subtraction because raw formula failed; optional sensitivity retained separately,reject: CCJ artifact formula rejected input: OverflowError,no,immutable formula numeric failure,artifact expected-work formula including its per-iteration success term where present,unavailable,one public sample; orbit generated locally and not materialized,artifact rank/list/independence and source field model; structured negacyclic matrix transfer unproved; q-ary payload transfer unproved,artifact has no q input; transfer from its source model to iid-uniform-F_p-star payloads is unproved; retained exact artifact-formula failure: CCJ artifact formula rejected input: OverflowError,afe1e408f8a46aebc15293462480f478ff969923,https://artifacts.iacr.org/files/crypto/2024/crypto-2024-a1.zip,https://artifacts.iacr.org/crypto/2024/a1/,04ae2586fccb10481efb861104176e4aaabb380c3cb9704b97ce3c4768a282cb,Regular-ISD/Concrete numbers/estimates.ipynb,cebb0861f1faa53be59eb4c11a2e38219612e1fc8d39e6cb3ce597e28717c9ec,39159736d43e954c565645c76e0cbe1ac433e92ba1f2dcc8f2ab847af8f89dfc,b0864d27f03d76dd3f0bd660d33c71063ad0380498d1e07dcddc1e2f4907eff9,d59517c2eb6be930cbd84f083b86bfb7c5a8cb96b21a4637d2ad3ab3cc2b089d
2026-08-04,crypto-2024-regular-isd-diagnostic-v1,INTERNAL_ADVISOR_DIAGNOSTIC_NO_SECURITY_PIN,direct_regular_sd_formula,n20_c4_t32,exact live direct: c polynomials; one uniform position/public bucket; iid uniform F_p* payloads,CRYPTO-2024 artifact regular-SD concrete formula; q is absent,DIRECT_RSD_CANDIDATE_FIELD_TRANSFER_UNPROVED,4194304,3145728,128,32768,,p0+p1 (q not an artifact input),not_input,CCJ_linearization,317.986552058489,42.000000000000,{},1048576,10.000000000000,307.986552058489,raw preserved; separate optional -0.5*log2(n) sensitivity only; arbitrary-decoder speedup heuristic,"pass: N=w*b, 0<k<N, k-w>0, finite optimum",yes,stdlib transcription; accepted zip and members verified,artifact expected-work formula including its per-iteration success term where present,artifact log2 storage-cost proxy; unit not specified by notebook,one public sample; orbit generated locally and not materialized,artifact rank/list/independence and source field model; structured negacyclic matrix transfer unproved; q-ary payload transfer unproved,artifact has no q input; transfer from its source model to iid-uniform-F_p-star payloads is unproved,afe1e408f8a46aebc15293462480f478ff969923,https://artifacts.iacr.org/files/crypto/2024/crypto-2024-a1.zip,https://artifacts.iacr.org/crypto/2024/a1/,04ae2586fccb10481efb861104176e4aaabb380c3cb9704b97ce3c4768a282cb,Regular-ISD/Concrete numbers/estimates.ipynb,cebb0861f1faa53be59eb4c11a2e38219612e1fc8d39e6cb3ce597e28717c9ec,39159736d43e954c565645c76e0cbe1ac433e92ba1f2dcc8f2ab847af8f89dfc,b0864d27f03d76dd3f0bd660d33c71063ad0380498d1e07dcddc1e2f4907eff9,8f3f97326cb3ff025cd1d76de28e2618336d718f295ea9f9bd91e950cd821efa
2026-08-04,crypto-2024-regular-isd-diagnostic-v1,INTERNAL_ADVISOR_DIAGNOSTIC_NO_SECURITY_PIN,generic_bjmm_incompatibility,n20_c4_t32,exact live direct RSD with iid uniform F_p* payloads,"artifact calls CryptographicEstimators binary SDEstimator(n,k,w,nsolutions=0)",INCOMPATIBLE_WITH_LIVE_QARY_MODEL,4194304,3145728,128,32768,,p0,4611686018326724609,generic_BJMM_depth_2,,,,1048576,10.000000000000,,no subtraction because no executable raw cost; optional orbit sensitivity remains heuristic,reject: no q parameter and external estimator revision absent,no,IMMUTABLE_ARTIFACT_INCOMPATIBILITY: CryptographicEstimators/Sage dependency has no pinned revision/version,artifact passes nsolutions=0; exact dependency semantics unavailable from archive,"unavailable; known dump rows only, no candidate row",one public sample; q-specific live limb listed explicitly,none silently imported,no BJMM number emitted; installing a current estimator would not reproduce the immutable artifact,afe1e408f8a46aebc15293462480f478ff969923,https://artifacts.iacr.org/files/crypto/2024/crypto-2024-a1.zip,https://artifacts.iacr.org/crypto/2024/a1/,04ae2586fccb10481efb861104176e4aaabb380c3cb9704b97ce3c4768a282cb,Regular-ISD/Concrete numbers/estimates.ipynb,cebb0861f1faa53be59eb4c11a2e38219612e1fc8d39e6cb3ce597e28717c9ec,39159736d43e954c565645c76e0cbe1ac433e92ba1f2dcc8f2ab847af8f89dfc,b0864d27f03d76dd3f0bd660d33c71063ad0380498d1e07dcddc1e2f4907eff9,cda97395b605344b51aaa04c12a0588bb0c0beca340bd0e6a11c802c9540616a
2026-08-04,crypto-2024-regular-isd-diagnostic-v1,INTERNAL_ADVISOR_DIAGNOSTIC_NO_SECURITY_PIN,generic_bjmm_incompatibility,n20_c4_t32,exact live direct RSD with iid uniform F_p* payloads,"artifact calls CryptographicEstimators binary SDEstimator(n,k,w,nsolutions=0)",INCOMPATIBLE_WITH_LIVE_QARY_MODEL,4194304,3145728,128,32768,,p1,4611686018309947393,generic_BJMM_depth_2,,,,1048576,10.000000000000,,no subtraction because no executable raw cost; optional orbit sensitivity remains heuristic,reject: no q parameter and external estimator revision absent,no,IMMUTABLE_ARTIFACT_INCOMPATIBILITY: CryptographicEstimators/Sage dependency has no pinned revision/version,artifact passes nsolutions=0; exact dependency semantics unavailable from archive,"unavailable; known dump rows only, no candidate row",one public sample; q-specific live limb listed explicitly,none silently imported,no BJMM number emitted; installing a current estimator would not reproduce the immutable artifact,afe1e408f8a46aebc15293462480f478ff969923,https://artifacts.iacr.org/files/crypto/2024/crypto-2024-a1.zip,https://artifacts.iacr.org/crypto/2024/a1/,04ae2586fccb10481efb861104176e4aaabb380c3cb9704b97ce3c4768a282cb,Regular-ISD/Concrete numbers/estimates.ipynb,cebb0861f1faa53be59eb4c11a2e38219612e1fc8d39e6cb3ce597e28717c9ec,39159736d43e954c565645c76e0cbe1ac433e92ba1f2dcc8f2ab847af8f89dfc,b0864d27f03d76dd3f0bd660d33c71063ad0380498d1e07dcddc1e2f4907eff9,d1d295218d23a3f17250b6369747f9ba66a7eba7a1faf7ad63860fd275c94afe
2026-08-04,crypto-2024-regular-isd-diagnostic-v1,INTERNAL_ADVISOR_DIAGNOSTIC_NO_SECURITY_PIN,direct_regular_sd_formula,n20_c4_t64,exact live direct: c polynomials; one uniform position/public bucket; iid uniform F_p* payloads,CRYPTO-2024 artifact regular-SD concrete formula; q is absent,DIRECT_RSD_CANDIDATE_FIELD_TRANSFER_UNPROVED,4194304,3145728,256,16384,,p0+p1 (q not an artifact input),not_input,permutation,573.910546920004,42.000000000000,{},1048576,10.000000000000,563.910546920004,raw preserved; separate optional -0.5*log2(n) sensitivity only; arbitrary-decoder speedup heuristic,"pass: N=w*b, 0<k<N, k-w>0, finite optimum",yes,stdlib transcription; accepted zip and members verified,artifact expected-work formula including its per-iteration success term where present,artifact log2 storage-cost proxy; unit not specified by notebook,one public sample; orbit generated locally and not materialized,artifact rank/list/independence and source field model; structured negacyclic matrix transfer unproved; q-ary payload transfer unproved,artifact has no q input; transfer from its source model to iid-uniform-F_p-star payloads is unproved,afe1e408f8a46aebc15293462480f478ff969923,https://artifacts.iacr.org/files/crypto/2024/crypto-2024-a1.zip,https://artifacts.iacr.org/crypto/2024/a1/,04ae2586fccb10481efb861104176e4aaabb380c3cb9704b97ce3c4768a282cb,Regular-ISD/Concrete numbers/estimates.ipynb,cebb0861f1faa53be59eb4c11a2e38219612e1fc8d39e6cb3ce597e28717c9ec,39159736d43e954c565645c76e0cbe1ac433e92ba1f2dcc8f2ab847af8f89dfc,b0864d27f03d76dd3f0bd660d33c71063ad0380498d1e07dcddc1e2f4907eff9,0eb55f20d6f78328f298ab9f389dd5e20af7fee3db0712ee82c50ad58ed74286
2026-08-04,crypto-2024-regular-isd-diagnostic-v1,INTERNAL_ADVISOR_DIAGNOSTIC_NO_SECURITY_PIN,direct_regular_sd_formula,n20_c4_t64,exact live direct: c polynomials; one uniform position/public bucket; iid uniform F_p* payloads,CRYPTO-2024 artifact regular-SD concrete formula; q is absent,DIRECT_RSD_CANDIDATE_FIELD_TRANSFER_UNPROVED,4194304,3145728,256,16384,,p0+p1 (q not an artifact input),not_input,enumeration,542.766705277851,62.158411557398,"{""ell"":40,""p"":4}",1048576,10.000000000000,532.766705277851,raw preserved; separate optional -0.5*log2(n) sensitivity only; arbitrary-decoder speedup heuristic,"pass: N=w*b, 0<k<N, k-w>0, finite optimum",yes,stdlib transcription; accepted zip and members verified,artifact expected-work formula including its per-iteration success term where present,artifact log2 storage-cost proxy; unit not specified by notebook,one public sample; orbit generated locally and not materialized,artifact rank/list/independence and source field model; structured negacyclic matrix transfer unproved; q-ary payload transfer unproved,artifact has no q input; transfer from its source model to iid-uniform-F_p-star payloads is unproved,afe1e408f8a46aebc15293462480f478ff969923,https://artifacts.iacr.org/files/crypto/2024/crypto-2024-a1.zip,https://artifacts.iacr.org/crypto/2024/a1/,04ae2586fccb10481efb861104176e4aaabb380c3cb9704b97ce3c4768a282cb,Regular-ISD/Concrete numbers/estimates.ipynb,cebb0861f1faa53be59eb4c11a2e38219612e1fc8d39e6cb3ce597e28717c9ec,39159736d43e954c565645c76e0cbe1ac433e92ba1f2dcc8f2ab847af8f89dfc,b0864d27f03d76dd3f0bd660d33c71063ad0380498d1e07dcddc1e2f4907eff9,0a1ccdd3790b64d5d08f797a2cbf7b5cd63e5c94d2fffbca216685409abf86a7
2026-08-04,crypto-2024-regular-isd-diagnostic-v1,INTERNAL_ADVISOR_DIAGNOSTIC_NO_SECURITY_PIN,direct_regular_sd_formula,n20_c4_t64,exact live direct: c polynomials; one uniform position/public bucket; iid uniform F_p* payloads,CRYPTO-2024 artifact regular-SD concrete formula; q is absent,DIRECT_RSD_CANDIDATE_FIELD_TRANSFER_UNPROVED,4194304,3145728,256,16384,,p0+p1 (q not an artifact input),not_input,representation,550.906851535860,97.316896498633,"{""ell"":80,""ell_max"":85,""ell_min"":29,""ell_x"":5,""ell_y"":2,""eps_x"":0,""eps_y"":0,""p"":8}",1048576,10.000000000000,540.906851535860,raw preserved; separate optional -0.5*log2(n) sensitivity only; arbitrary-decoder speedup heuristic,"pass: N=w*b, 0<k<N, k-w>0, finite optimum",yes,stdlib transcription; accepted zip and members verified,artifact expected-work formula including its per-iteration success term where present,artifact log2 storage-cost proxy; unit not specified by notebook,one public sample; orbit generated locally and not materialized,artifact rank/list/independence and source field model; structured negacyclic matrix transfer unproved; q-ary payload transfer unproved,artifact has no q input; transfer from its source model to iid-uniform-F_p-star payloads is unproved,afe1e408f8a46aebc15293462480f478ff969923,https://artifacts.iacr.org/files/crypto/2024/crypto-2024-a1.zip,https://artifacts.iacr.org/crypto/2024/a1/,04ae2586fccb10481efb861104176e4aaabb380c3cb9704b97ce3c4768a282cb,Regular-ISD/Concrete numbers/estimates.ipynb,cebb0861f1faa53be59eb4c11a2e38219612e1fc8d39e6cb3ce597e28717c9ec,39159736d43e954c565645c76e0cbe1ac433e92ba1f2dcc8f2ab847af8f89dfc,b0864d27f03d76dd3f0bd660d33c71063ad0380498d1e07dcddc1e2f4907eff9,b210cd9a4e72a88a245752f7f86219f4985436c1ffc935a03fc42a4f1e1ef1ca
2026-08-04,crypto-2024-regular-isd-diagnostic-v1,INTERNAL_ADVISOR_DIAGNOSTIC_NO_SECURITY_PIN,direct_regular_sd_formula,n20_c4_t64,exact live direct: c polynomials; one uniform position/public bucket; iid uniform F_p* payloads,CRYPTO-2024 artifact regular-SD concrete formula; q is absent,DIRECT_RSD_CANDIDATE_FIELD_TRANSFER_UNPROVED,4194304,3145728,256,16384,,p0+p1 (q not an artifact input),not_input,representation_depth_2,541.778366319558,61.169727787930,"{""ell"":41,""ell_max"":87,""ell_min"":29,""ell_x"":2,""eps_x"":0,""p"":4}",1048576,10.000000000000,531.778366319558,raw preserved; separate optional -0.5*log2(n) sensitivity only; arbitrary-decoder speedup heuristic,"pass: N=w*b, 0<k<N, k-w>0, finite optimum",yes,stdlib transcription; accepted zip and members verified,artifact expected-work formula including its per-iteration success term where present,artifact log2 storage-cost proxy; unit not specified by notebook,one public sample; orbit generated locally and not materialized,artifact rank/list/independence and source field model; structured negacyclic matrix transfer unproved; q-ary payload transfer unproved,artifact has no q input; transfer from its source model to iid-uniform-F_p-star payloads is unproved,afe1e408f8a46aebc15293462480f478ff969923,https://artifacts.iacr.org/files/crypto/2024/crypto-2024-a1.zip,https://artifacts.iacr.org/crypto/2024/a1/,04ae2586fccb10481efb861104176e4aaabb380c3cb9704b97ce3c4768a282cb,Regular-ISD/Concrete numbers/estimates.ipynb,cebb0861f1faa53be59eb4c11a2e38219612e1fc8d39e6cb3ce597e28717c9ec,39159736d43e954c565645c76e0cbe1ac433e92ba1f2dcc8f2ab847af8f89dfc,b0864d27f03d76dd3f0bd660d33c71063ad0380498d1e07dcddc1e2f4907eff9,4255821acc70cc970633492b94f989dc67d3ce9e02e64b7889a5075e2f446c5f
2026-08-04,crypto-2024-regular-isd-diagnostic-v1,INTERNAL_ADVISOR_DIAGNOSTIC_NO_SECURITY_PIN,direct_regular_sd_formula_incompatibility,n20_c4_t64,exact live direct: c polynomials; one uniform position/public bucket; iid uniform F_p* payloads,CRYPTO-2024 artifact regular-SD concrete formula; q is absent,IMMUTABLE_ARTIFACT_NUMERIC_INCOMPATIBILITY,4194304,3145728,256,16384,,p0+p1 (q not an artifact input),not_input,CCJ,,,{},1048576,10.000000000000,,no subtraction because raw formula failed; optional sensitivity retained separately,reject: CCJ artifact formula rejected input: OverflowError,no,immutable formula numeric failure,artifact expected-work formula including its per-iteration success term where present,unavailable,one public sample; orbit generated locally and not materialized,artifact rank/list/independence and source field model; structured negacyclic matrix transfer unproved; q-ary payload transfer unproved,artifact has no q input; transfer from its source model to iid-uniform-F_p-star payloads is unproved; retained exact artifact-formula failure: CCJ artifact formula rejected input: OverflowError,afe1e408f8a46aebc15293462480f478ff969923,https://artifacts.iacr.org/files/crypto/2024/crypto-2024-a1.zip,https://artifacts.iacr.org/crypto/2024/a1/,04ae2586fccb10481efb861104176e4aaabb380c3cb9704b97ce3c4768a282cb,Regular-ISD/Concrete numbers/estimates.ipynb,cebb0861f1faa53be59eb4c11a2e38219612e1fc8d39e6cb3ce597e28717c9ec,39159736d43e954c565645c76e0cbe1ac433e92ba1f2dcc8f2ab847af8f89dfc,b0864d27f03d76dd3f0bd660d33c71063ad0380498d1e07dcddc1e2f4907eff9,1ca510c1759c44eef3569aa12d3f684e518916c28d5b30deb1a39bb58f881042
2026-08-04,crypto-2024-regular-isd-diagnostic-v1,INTERNAL_ADVISOR_DIAGNOSTIC_NO_SECURITY_PIN,direct_regular_sd_formula,n20_c4_t64,exact live direct: c polynomials; one uniform position/public bucket; iid uniform F_p* payloads,CRYPTO-2024 artifact regular-SD concrete formula; q is absent,DIRECT_RSD_CANDIDATE_FIELD_TRANSFER_UNPROVED,4194304,3145728,256,16384,,p0+p1 (q not an artifact input),not_input,CCJ_linearization,573.946208577931,42.000000000000,{},1048576,10.000000000000,563.946208577931,raw preserved; separate optional -0.5*log2(n) sensitivity only; arbitrary-decoder speedup heuristic,"pass: N=w*b, 0<k<N, k-w>0, finite optimum",yes,stdlib transcription; accepted zip and members verified,artifact expected-work formula including its per-iteration success term where present,artifact log2 storage-cost proxy; unit not specified by notebook,one public sample; orbit generated locally and not materialized,artifact rank/list/independence and source field model; structured negacyclic matrix transfer unproved; q-ary payload transfer unproved,artifact has no q input; transfer from its source model to iid-uniform-F_p-star payloads is unproved,afe1e408f8a46aebc15293462480f478ff969923,https://artifacts.iacr.org/files/crypto/2024/crypto-2024-a1.zip,https://artifacts.iacr.org/crypto/2024/a1/,04ae2586fccb10481efb861104176e4aaabb380c3cb9704b97ce3c4768a282cb,Regular-ISD/Concrete numbers/estimates.ipynb,cebb0861f1faa53be59eb4c11a2e38219612e1fc8d39e6cb3ce597e28717c9ec,39159736d43e954c565645c76e0cbe1ac433e92ba1f2dcc8f2ab847af8f89dfc,b0864d27f03d76dd3f0bd660d33c71063ad0380498d1e07dcddc1e2f4907eff9,8104ab17c272980b0a866c27e19e2a928f9b6d9c28d988baf6c27b5bf42c9ddb
2026-08-04,crypto-2024-regular-isd-diagnostic-v1,INTERNAL_ADVISOR_DIAGNOSTIC_NO_SECURITY_PIN,generic_bjmm_incompatibility,n20_c4_t64,exact live direct RSD with iid uniform F_p* payloads,"artifact calls CryptographicEstimators binary SDEstimator(n,k,w,nsolutions=0)",INCOMPATIBLE_WITH_LIVE_QARY_MODEL,4194304,3145728,256,16384,,p0,4611686018326724609,generic_BJMM_depth_2,,,,1048576,10.000000000000,,no subtraction because no executable raw cost; optional orbit sensitivity remains heuristic,reject: no q parameter and external estimator revision absent,no,IMMUTABLE_ARTIFACT_INCOMPATIBILITY: CryptographicEstimators/Sage dependency has no pinned revision/version,artifact passes nsolutions=0; exact dependency semantics unavailable from archive,"unavailable; known dump rows only, no candidate row",one public sample; q-specific live limb listed explicitly,none silently imported,no BJMM number emitted; installing a current estimator would not reproduce the immutable artifact,afe1e408f8a46aebc15293462480f478ff969923,https://artifacts.iacr.org/files/crypto/2024/crypto-2024-a1.zip,https://artifacts.iacr.org/crypto/2024/a1/,04ae2586fccb10481efb861104176e4aaabb380c3cb9704b97ce3c4768a282cb,Regular-ISD/Concrete numbers/estimates.ipynb,cebb0861f1faa53be59eb4c11a2e38219612e1fc8d39e6cb3ce597e28717c9ec,39159736d43e954c565645c76e0cbe1ac433e92ba1f2dcc8f2ab847af8f89dfc,b0864d27f03d76dd3f0bd660d33c71063ad0380498d1e07dcddc1e2f4907eff9,478e3ff380383cdb3794b80efdefb3c30a3d4243fa590c756cc4ed43cf750bba
2026-08-04,crypto-2024-regular-isd-diagnostic-v1,INTERNAL_ADVISOR_DIAGNOSTIC_NO_SECURITY_PIN,generic_bjmm_incompatibility,n20_c4_t64,exact live direct RSD with iid uniform F_p* payloads,"artifact calls CryptographicEstimators binary SDEstimator(n,k,w,nsolutions=0)",INCOMPATIBLE_WITH_LIVE_QARY_MODEL,4194304,3145728,256,16384,,p1,4611686018309947393,generic_BJMM_depth_2,,,,1048576,10.000000000000,,no subtraction because no executable raw cost; optional orbit sensitivity remains heuristic,reject: no q parameter and external estimator revision absent,no,IMMUTABLE_ARTIFACT_INCOMPATIBILITY: CryptographicEstimators/Sage dependency has no pinned revision/version,artifact passes nsolutions=0; exact dependency semantics unavailable from archive,"unavailable; known dump rows only, no candidate row",one public sample; q-specific live limb listed explicitly,none silently imported,no BJMM number emitted; installing a current estimator would not reproduce the immutable artifact,afe1e408f8a46aebc15293462480f478ff969923,https://artifacts.iacr.org/files/crypto/2024/crypto-2024-a1.zip,https://artifacts.iacr.org/crypto/2024/a1/,04ae2586fccb10481efb861104176e4aaabb380c3cb9704b97ce3c4768a282cb,Regular-ISD/Concrete numbers/estimates.ipynb,cebb0861f1faa53be59eb4c11a2e38219612e1fc8d39e6cb3ce597e28717c9ec,39159736d43e954c565645c76e0cbe1ac433e92ba1f2dcc8f2ab847af8f89dfc,b0864d27f03d76dd3f0bd660d33c71063ad0380498d1e07dcddc1e2f4907eff9,2e72d9c99b50305ddb2a3862434c5cade9d163d8e4258988dd62d8862ff3237d
2026-08-04,crypto-2024-regular-isd-diagnostic-v1,INTERNAL_ADVISOR_DIAGNOSTIC_NO_SECURITY_PIN,direct_regular_sd_formula,n20_c8_t8,exact live direct: c polynomials; one uniform position/public bucket; iid uniform F_p* payloads,CRYPTO-2024 artifact regular-SD concrete formula; q is absent,DIRECT_RSD_CANDIDATE_FIELD_TRANSFER_UNPROVED,8388608,7340032,64,131072,,p0+p1 (q not an artifact input),not_input,permutation,254.994540749332,43.000000000000,{},1048576,10.000000000000,244.994540749332,raw preserved; separate optional -0.5*log2(n) sensitivity only; arbitrary-decoder speedup heuristic,"pass: N=w*b, 0<k<N, k-w>0, finite optimum",yes,stdlib transcription; accepted zip and members verified,artifact expected-work formula including its per-iteration success term where present,artifact log2 storage-cost proxy; unit not specified by notebook,one public sample; orbit generated locally and not materialized,artifact rank/list/independence and source field model; structured negacyclic matrix transfer unproved; q-ary payload transfer unproved,artifact has no q input; transfer from its source model to iid-uniform-F_p-star payloads is unproved,afe1e408f8a46aebc15293462480f478ff969923,https://artifacts.iacr.org/files/crypto/2024/crypto-2024-a1.zip,https://artifacts.iacr.org/crypto/2024/a1/,04ae2586fccb10481efb861104176e4aaabb380c3cb9704b97ce3c4768a282cb,Regular-ISD/Concrete numbers/estimates.ipynb,cebb0861f1faa53be59eb4c11a2e38219612e1fc8d39e6cb3ce597e28717c9ec,39159736d43e954c565645c76e0cbe1ac433e92ba1f2dcc8f2ab847af8f89dfc,b0864d27f03d76dd3f0bd660d33c71063ad0380498d1e07dcddc1e2f4907eff9,3d87dc443c9a9b2fd5dc17d55adaeff017561eaee3a44869f20e0ed8787ee2af
2026-08-04,crypto-2024-regular-isd-diagnostic-v1,INTERNAL_ADVISOR_DIAGNOSTIC_NO_SECURITY_PIN,direct_regular_sd_formula,n20_c8_t8,exact live direct: c polynomials; one uniform position/public bucket; iid uniform F_p* payloads,CRYPTO-2024 artifact regular-SD concrete formula; q is absent,DIRECT_RSD_CANDIDATE_FIELD_TRANSFER_UNPROVED,8388608,7340032,64,131072,,p0+p1 (q not an artifact input),not_input,enumeration,229.429286376040,65.568897506219,"{""ell"":42,""p"":4}",1048576,10.000000000000,219.429286376040,raw preserved; separate optional -0.5*log2(n) sensitivity only; arbitrary-decoder speedup heuristic,"pass: N=w*b, 0<k<N, k-w>0, finite optimum",yes,stdlib transcription; accepted zip and members verified,artifact expected-work formula including its per-iteration success term where present,artifact log2 storage-cost proxy; unit not specified by notebook,one public sample; orbit generated locally and not materialized,artifact rank/list/independence and source field model; structured negacyclic matrix transfer unproved; q-ary payload transfer unproved,artifact has no q input; transfer from its source model to iid-uniform-F_p-star payloads is unproved,afe1e408f8a46aebc15293462480f478ff969923,https://artifacts.iacr.org/files/crypto/2024/crypto-2024-a1.zip,https://artifacts.iacr.org/crypto/2024/a1/,04ae2586fccb10481efb861104176e4aaabb380c3cb9704b97ce3c4768a282cb,Regular-ISD/Concrete numbers/estimates.ipynb,cebb0861f1faa53be59eb4c11a2e38219612e1fc8d39e6cb3ce597e28717c9ec,39159736d43e954c565645c76e0cbe1ac433e92ba1f2dcc8f2ab847af8f89dfc,b0864d27f03d76dd3f0bd660d33c71063ad0380498d1e07dcddc1e2f4907eff9,bc70c43df067da0c0983dfecc9ffc36f34e90693ced1162312e2b93ebeff784f
2026-08-04,crypto-2024-regular-isd-diagnostic-v1,INTERNAL_ADVISOR_DIAGNOSTIC_NO_SECURITY_PIN,direct_regular_sd_formula,n20_c8_t8,exact live direct: c polynomials; one uniform position/public bucket; iid uniform F_p* payloads,CRYPTO-2024 artifact regular-SD concrete formula; q is absent,DIRECT_RSD_CANDIDATE_FIELD_TRANSFER_UNPROVED,8388608,7340032,64,131072,,p0+p1 (q not an artifact input),not_input,representation,244.418007355829,103.137886998129,"{""ell"":159,""ell_max"":163,""ell_min"":55,""ell_x"":89,""ell_y"":5,""eps_x"":4,""eps_y"":0,""p"":8}",1048576,10.000000000000,234.418007355829,raw preserved; separate optional -0.5*log2(n) sensitivity only; arbitrary-decoder speedup heuristic,"pass: N=w*b, 0<k<N, k-w>0, finite optimum",yes,stdlib transcription; accepted zip and members verified,artifact expected-work formula including its per-iteration success term where present,artifact log2 storage-cost proxy; unit not specified by notebook,one public sample; orbit generated locally and not materialized,artifact rank/list/independence and source field model; structured negacyclic matrix transfer unproved; q-ary payload transfer unproved,artifact has no q input; transfer from its source model to iid-uniform-F_p-star payloads is unproved,afe1e408f8a46aebc15293462480f478ff969923,https://artifacts.iacr.org/files/crypto/2024/crypto-2024-a1.zip,https://artifacts.iacr.org/crypto/2024/a1/,04ae2586fccb10481efb861104176e4aaabb380c3cb9704b97ce3c4768a282cb,Regular-ISD/Concrete numbers/estimates.ipynb,cebb0861f1faa53be59eb4c11a2e38219612e1fc8d39e6cb3ce597e28717c9ec,39159736d43e954c565645c76e0cbe1ac433e92ba1f2dcc8f2ab847af8f89dfc,b0864d27f03d76dd3f0bd660d33c71063ad0380498d1e07dcddc1e2f4907eff9,e4115f558c709fe2c8e487a9dc093bc1fc1c364500fca310d6aeabaaa0503ca8
2026-08-04,crypto-2024-regular-isd-diagnostic-v1,INTERNAL_ADVISOR_DIAGNOSTIC_NO_SECURITY_PIN,direct_regular_sd_formula,n20_c8_t8,exact live direct: c polynomials; one uniform position/public bucket; iid uniform F_p* payloads,CRYPTO-2024 artifact regular-SD concrete formula; q is absent,DIRECT_RSD_CANDIDATE_FIELD_TRANSFER_UNPROVED,8388608,7340032,64,131072,,p0+p1 (q not an artifact input),not_input,representation_depth_2,228.475172222529,64.614701588936,"{""ell"":43,""ell_max"":84,""ell_min"":28,""ell_x"":2,""eps_x"":0,""p"":4}",1048576,10.000000000000,218.475172222529,raw preserved; separate optional -0.5*log2(n) sensitivity only; arbitrary-decoder speedup heuristic,"pass: N=w*b, 0<k<N, k-w>0, finite optimum",yes,stdlib transcription; accepted zip and members verified,artifact expected-work formula including its per-iteration success term where present,artifact log2 storage-cost proxy; unit not specified by notebook,one public sample; orbit generated locally and not materialized,artifact rank/list/independence and source field model; structured negacyclic matrix transfer unproved; q-ary payload transfer unproved,artifact has no q input; transfer from its source model to iid-uniform-F_p-star payloads is unproved,afe1e408f8a46aebc15293462480f478ff969923,https://artifacts.iacr.org/files/crypto/2024/crypto-2024-a1.zip,https://artifacts.iacr.org/crypto/2024/a1/,04ae2586fccb10481efb861104176e4aaabb380c3cb9704b97ce3c4768a282cb,Regular-ISD/Concrete numbers/estimates.ipynb,cebb0861f1faa53be59eb4c11a2e38219612e1fc8d39e6cb3ce597e28717c9ec,39159736d43e954c565645c76e0cbe1ac433e92ba1f2dcc8f2ab847af8f89dfc,b0864d27f03d76dd3f0bd660d33c71063ad0380498d1e07dcddc1e2f4907eff9,f178e6880fb7462720a80c0315dfac38515cf983d4a3df9accee271d66e6c930
2026-08-04,crypto-2024-regular-isd-diagnostic-v1,INTERNAL_ADVISOR_DIAGNOSTIC_NO_SECURITY_PIN,direct_regular_sd_formula,n20_c8_t8,exact live direct: c polynomials; one uniform position/public bucket; iid uniform F_p* payloads,CRYPTO-2024 artifact regular-SD concrete formula; q is absent,DIRECT_RSD_CANDIDATE_FIELD_TRANSFER_UNPROVED,8388608,7340032,64,131072,,p0+p1 (q not an artifact input),not_input,CCJ,500.031282994438,499.031193017525,"{""ell"":489,""k_tilde"":7340024.003669767}",1048576,10.000000000000,490.031282994438,raw preserved; separate optional -0.5*log2(n) sensitivity only; arbitrary-decoder speedup heuristic,"pass: N=w*b, 0<k<N, k-w>0, finite optimum",yes,stdlib transcription; accepted zip and members verified,artifact expected-work formula including its per-iteration success term where present,artifact log2 storage-cost proxy; unit not specified by notebook,one public sample; orbit generated locally and not materialized,artifact rank/list/independence and source field model; structured negacyclic matrix transfer unproved; q-ary payload transfer unproved,artifact has no q input; transfer from its source model to iid-uniform-F_p-star payloads is unproved,afe1e408f8a46aebc15293462480f478ff969923,https://artifacts.iacr.org/files/crypto/2024/crypto-2024-a1.zip,https://artifacts.iacr.org/crypto/2024/a1/,04ae2586fccb10481efb861104176e4aaabb380c3cb9704b97ce3c4768a282cb,Regular-ISD/Concrete numbers/estimates.ipynb,cebb0861f1faa53be59eb4c11a2e38219612e1fc8d39e6cb3ce597e28717c9ec,39159736d43e954c565645c76e0cbe1ac433e92ba1f2dcc8f2ab847af8f89dfc,b0864d27f03d76dd3f0bd660d33c71063ad0380498d1e07dcddc1e2f4907eff9,13bb3526e6a7efb399d832f32ea1a6bd78c3c0e596cb04e27afa223b8b09376b
2026-08-04,crypto-2024-regular-isd-diagnostic-v1,INTERNAL_ADVISOR_DIAGNOSTIC_NO_SECURITY_PIN,direct_regular_sd_formula,n20_c8_t8,exact live direct: c polynomials; one uniform position/public bucket; iid uniform F_p* payloads,CRYPTO-2024 artifact regular-SD concrete formula; q is absent,DIRECT_RSD_CANDIDATE_FIELD_TRANSFER_UNPROVED,8388608,7340032,64,131072,,p0+p1 (q not an artifact input),not_input,CCJ_linearization,254.997830717999,43.000000000000,{},1048576,10.000000000000,244.997830717999,raw preserved; separate optional -0.5*log2(n) sensitivity only; arbitrary-decoder speedup heuristic,"pass: N=w*b, 0<k<N, k-w>0, finite optimum",yes,stdlib transcription; accepted zip and members verified,artifact expected-work formula including its per-iteration success term where present,artifact log2 storage-cost proxy; unit not specified by notebook,one public sample; orbit generated locally and not materialized,artifact rank/list/independence and source field model; structured negacyclic matrix transfer unproved; q-ary payload transfer unproved,artifact has no q input; transfer from its source model to iid-uniform-F_p-star payloads is unproved,afe1e408f8a46aebc15293462480f478ff969923,https://artifacts.iacr.org/files/crypto/2024/crypto-2024-a1.zip,https://artifacts.iacr.org/crypto/2024/a1/,04ae2586fccb10481efb861104176e4aaabb380c3cb9704b97ce3c4768a282cb,Regular-ISD/Concrete numbers/estimates.ipynb,cebb0861f1faa53be59eb4c11a2e38219612e1fc8d39e6cb3ce597e28717c9ec,39159736d43e954c565645c76e0cbe1ac433e92ba1f2dcc8f2ab847af8f89dfc,b0864d27f03d76dd3f0bd660d33c71063ad0380498d1e07dcddc1e2f4907eff9,f79c3f1ccf0b231c1784d5ef8b4d9a34b73f725f65f3573517abc8ab0ff22685
2026-08-04,crypto-2024-regular-isd-diagnostic-v1,INTERNAL_ADVISOR_DIAGNOSTIC_NO_SECURITY_PIN,generic_bjmm_incompatibility,n20_c8_t8,exact live direct RSD with iid uniform F_p* payloads,"artifact calls CryptographicEstimators binary SDEstimator(n,k,w,nsolutions=0)",INCOMPATIBLE_WITH_LIVE_QARY_MODEL,8388608,7340032,64,131072,,p0,4611686018326724609,generic_BJMM_depth_2,,,,1048576,10.000000000000,,no subtraction because no executable raw cost; optional orbit sensitivity remains heuristic,reject: no q parameter and external estimator revision absent,no,IMMUTABLE_ARTIFACT_INCOMPATIBILITY: CryptographicEstimators/Sage dependency has no pinned revision/version,artifact passes nsolutions=0; exact dependency semantics unavailable from archive,"unavailable; known dump rows only, no candidate row",one public sample; q-specific live limb listed explicitly,none silently imported,no BJMM number emitted; installing a current estimator would not reproduce the immutable artifact,afe1e408f8a46aebc15293462480f478ff969923,https://artifacts.iacr.org/files/crypto/2024/crypto-2024-a1.zip,https://artifacts.iacr.org/crypto/2024/a1/,04ae2586fccb10481efb861104176e4aaabb380c3cb9704b97ce3c4768a282cb,Regular-ISD/Concrete numbers/estimates.ipynb,cebb0861f1faa53be59eb4c11a2e38219612e1fc8d39e6cb3ce597e28717c9ec,39159736d43e954c565645c76e0cbe1ac433e92ba1f2dcc8f2ab847af8f89dfc,b0864d27f03d76dd3f0bd660d33c71063ad0380498d1e07dcddc1e2f4907eff9,8d176e67d6503ceb60f43010bb31c69846dfebc0001bceb218d163f91b193c03
2026-08-04,crypto-2024-regular-isd-diagnostic-v1,INTERNAL_ADVISOR_DIAGNOSTIC_NO_SECURITY_PIN,generic_bjmm_incompatibility,n20_c8_t8,exact live direct RSD with iid uniform F_p* payloads,"artifact calls CryptographicEstimators binary SDEstimator(n,k,w,nsolutions=0)",INCOMPATIBLE_WITH_LIVE_QARY_MODEL,8388608,7340032,64,131072,,p1,4611686018309947393,generic_BJMM_depth_2,,,,1048576,10.000000000000,,no subtraction because no executable raw cost; optional orbit sensitivity remains heuristic,reject: no q parameter and external estimator revision absent,no,IMMUTABLE_ARTIFACT_INCOMPATIBILITY: CryptographicEstimators/Sage dependency has no pinned revision/version,artifact passes nsolutions=0; exact dependency semantics unavailable from archive,"unavailable; known dump rows only, no candidate row",one public sample; q-specific live limb listed explicitly,none silently imported,no BJMM number emitted; installing a current estimator would not reproduce the immutable artifact,afe1e408f8a46aebc15293462480f478ff969923,https://artifacts.iacr.org/files/crypto/2024/crypto-2024-a1.zip,https://artifacts.iacr.org/crypto/2024/a1/,04ae2586fccb10481efb861104176e4aaabb380c3cb9704b97ce3c4768a282cb,Regular-ISD/Concrete numbers/estimates.ipynb,cebb0861f1faa53be59eb4c11a2e38219612e1fc8d39e6cb3ce597e28717c9ec,39159736d43e954c565645c76e0cbe1ac433e92ba1f2dcc8f2ab847af8f89dfc,b0864d27f03d76dd3f0bd660d33c71063ad0380498d1e07dcddc1e2f4907eff9,46c992b77cb9147b060e47315600894558657688d044d0d153b004a89f96cc07
2026-08-04,crypto-2024-regular-isd-diagnostic-v1,INTERNAL_ADVISOR_DIAGNOSTIC_NO_SECURITY_PIN,direct_regular_sd_formula,n20_c8_t16,exact live direct: c polynomials; one uniform position/public bucket; iid uniform F_p* payloads,CRYPTO-2024 artifact regular-SD concrete formula; q is absent,DIRECT_RSD_CANDIDATE_FIELD_TRANSFER_UNPROVED,8388608,7340032,128,65536,,p0+p1 (q not an artifact input),not_input,permutation,446.977811464708,43.000000000000,{},1048576,10.000000000000,436.977811464708,raw preserved; separate optional -0.5*log2(n) sensitivity only; arbitrary-decoder speedup heuristic,"pass: N=w*b, 0<k<N, k-w>0, finite optimum",yes,stdlib transcription; accepted zip and members verified,artifact expected-work formula including its per-iteration success term where present,artifact log2 storage-cost proxy; unit not specified by notebook,one public sample; orbit generated locally and not materialized,artifact rank/list/independence and source field model; structured negacyclic matrix transfer unproved; q-ary payload transfer unproved,artifact has no q input; transfer from its source model to iid-uniform-F_p-star payloads is unproved,afe1e408f8a46aebc15293462480f478ff969923,https://artifacts.iacr.org/files/crypto/2024/crypto-2024-a1.zip,https://artifacts.iacr.org/crypto/2024/a1/,04ae2586fccb10481efb861104176e4aaabb380c3cb9704b97ce3c4768a282cb,Regular-ISD/Concrete numbers/estimates.ipynb,cebb0861f1faa53be59eb4c11a2e38219612e1fc8d39e6cb3ce597e28717c9ec,39159736d43e954c565645c76e0cbe1ac433e92ba1f2dcc8f2ab847af8f89dfc,b0864d27f03d76dd3f0bd660d33c71063ad0380498d1e07dcddc1e2f4907eff9,3c279ad07a6e76ab8d41c305ad8ab77ac238a0bf19e8f84b897595baf2ba011b
2026-08-04,crypto-2024-regular-isd-diagnostic-v1,INTERNAL_ADVISOR_DIAGNOSTIC_NO_SECURITY_PIN,direct_regular_sd_formula,n20_c8_t16,exact live direct: c polynomials; one uniform position/public bucket; iid uniform F_p* payloads,CRYPTO-2024 artifact regular-SD concrete formula; q is absent,DIRECT_RSD_CANDIDATE_FIELD_TRANSFER_UNPROVED,8388608,7340032,128,65536,,p0+p1 (q not an artifact input),not_input,enumeration,417.393372457192,65.591955960542,"{""ell"":42,""p"":4}",1048576,10.000000000000,407.393372457192,raw preserved; separate optional -0.5*log2(n) sensitivity only; arbitrary-decoder speedup heuristic,"pass: N=w*b, 0<k<N, k-w>0, finite optimum",yes,stdlib transcription; accepted zip and members verified,artifact expected-work formula including its per-iteration success term where present,artifact log2 storage-cost proxy; unit not specified by notebook,one public sample; orbit generated locally and not materialized,artifact rank/list/independence and source field model; structured negacyclic matrix transfer unproved; q-ary payload transfer unproved,artifact has no q input; transfer from its source model to iid-uniform-F_p-star payloads is unproved,afe1e408f8a46aebc15293462480f478ff969923,https://artifacts.iacr.org/files/crypto/2024/crypto-2024-a1.zip,https://artifacts.iacr.org/crypto/2024/a1/,04ae2586fccb10481efb861104176e4aaabb380c3cb9704b97ce3c4768a282cb,Regular-ISD/Concrete numbers/estimates.ipynb,cebb0861f1faa53be59eb4c11a2e38219612e1fc8d39e6cb3ce597e28717c9ec,39159736d43e954c565645c76e0cbe1ac433e92ba1f2dcc8f2ab847af8f89dfc,b0864d27f03d76dd3f0bd660d33c71063ad0380498d1e07dcddc1e2f4907eff9,8a993ab73202405471dc9b1ae62aa132bd49127ab76ffab939241a387176fd73
2026-08-04,crypto-2024-regular-isd-diagnostic-v1,INTERNAL_ADVISOR_DIAGNOSTIC_NO_SECURITY_PIN,direct_regular_sd_formula,n20_c8_t16,exact live direct: c polynomials; one uniform position/public bucket; iid uniform F_p* payloads,CRYPTO-2024 artifact regular-SD concrete formula; q is absent,DIRECT_RSD_CANDIDATE_FIELD_TRANSFER_UNPROVED,8388608,7340032,128,65536,,p0+p1 (q not an artifact input),not_input,representation,427.209012679022,103.183945728256,"{""ell"":85,""ell_max"":87,""ell_min"":29,""ell_x"":5,""ell_y"":2,""eps_x"":0,""eps_y"":0,""p"":8}",1048576,10.000000000000,417.209012679022,raw preserved; separate optional -0.5*log2(n) sensitivity only; arbitrary-decoder speedup heuristic,"pass: N=w*b, 0<k<N, k-w>0, finite optimum",yes,stdlib transcription; accepted zip and members verified,artifact expected-work formula including its per-iteration success term where present,artifact log2 storage-cost proxy; unit not specified by notebook,one public sample; orbit generated locally and not materialized,artifact rank/list/independence and source field model; structured negacyclic matrix transfer unproved; q-ary payload transfer unproved,artifact has no q input; transfer from its source model to iid-uniform-F_p-star payloads is unproved,afe1e408f8a46aebc15293462480f478ff969923,https://artifacts.iacr.org/files/crypto/2024/crypto-2024-a1.zip,https://artifacts.iacr.org/crypto/2024/a1/,04ae2586fccb10481efb861104176e4aaabb380c3cb9704b97ce3c4768a282cb,Regular-ISD/Concrete numbers/estimates.ipynb,cebb0861f1faa53be59eb4c11a2e38219612e1fc8d39e6cb3ce597e28717c9ec,39159736d43e954c565645c76e0cbe1ac433e92ba1f2dcc8f2ab847af8f89dfc,b0864d27f03d76dd3f0bd660d33c71063ad0380498d1e07dcddc1e2f4907eff9,1ab6859bb10dbb7c2c381a4ce0ae9dbf7cce424785da91d00d6d212aecd446a5
2026-08-04,crypto-2024-regular-isd-diagnostic-v1,INTERNAL_ADVISOR_DIAGNOSTIC_NO_SECURITY_PIN,direct_regular_sd_formula,n20_c8_t16,exact live direct: c polynomials; one uniform position/public bucket; iid uniform F_p* payloads,CRYPTO-2024 artifact regular-SD concrete formula; q is absent,DIRECT_RSD_CANDIDATE_FIELD_TRANSFER_UNPROVED,8388608,7340032,128,65536,,p0+p1 (q not an artifact input),not_input,representation_depth_2,416.416262733464,64.614676430150,"{""ell"":43,""ell_max"":87,""ell_min"":29,""ell_x"":2,""eps_x"":0,""p"":4}",1048576,10.000000000000,406.416262733464,raw preserved; separate optional -0.5*log2(n) sensitivity only; arbitrary-decoder speedup heuristic,"pass: N=w*b, 0<k<N, k-w>0, finite optimum",yes,stdlib transcription; accepted zip and members verified,artifact expected-work formula including its per-iteration success term where present,artifact log2 storage-cost proxy; unit not specified by notebook,one public sample; orbit generated locally and not materialized,artifact rank/list/independence and source field model; structured negacyclic matrix transfer unproved; q-ary payload transfer unproved,artifact has no q input; transfer from its source model to iid-uniform-F_p-star payloads is unproved,afe1e408f8a46aebc15293462480f478ff969923,https://artifacts.iacr.org/files/crypto/2024/crypto-2024-a1.zip,https://artifacts.iacr.org/crypto/2024/a1/,04ae2586fccb10481efb861104176e4aaabb380c3cb9704b97ce3c4768a282cb,Regular-ISD/Concrete numbers/estimates.ipynb,cebb0861f1faa53be59eb4c11a2e38219612e1fc8d39e6cb3ce597e28717c9ec,39159736d43e954c565645c76e0cbe1ac433e92ba1f2dcc8f2ab847af8f89dfc,b0864d27f03d76dd3f0bd660d33c71063ad0380498d1e07dcddc1e2f4907eff9,a3d151dd9e17d72b723b36f4bac24e854caa8f9c81423a557fd6e675a09191bd
2026-08-04,crypto-2024-regular-isd-diagnostic-v1,INTERNAL_ADVISOR_DIAGNOSTIC_NO_SECURITY_PIN,direct_regular_sd_formula_incompatibility,n20_c8_t16,exact live direct: c polynomials; one uniform position/public bucket; iid uniform F_p* payloads,CRYPTO-2024 artifact regular-SD concrete formula; q is absent,IMMUTABLE_ARTIFACT_NUMERIC_INCOMPATIBILITY,8388608,7340032,128,65536,,p0+p1 (q not an artifact input),not_input,CCJ,,,{},1048576,10.000000000000,,no subtraction because raw formula failed; optional sensitivity retained separately,reject: CCJ artifact formula rejected input: OverflowError,no,immutable formula numeric failure,artifact expected-work formula including its per-iteration success term where present,unavailable,one public sample; orbit generated locally and not materialized,artifact rank/list/independence and source field model; structured negacyclic matrix transfer unproved; q-ary payload transfer unproved,artifact has no q input; transfer from its source model to iid-uniform-F_p-star payloads is unproved; retained exact artifact-formula failure: CCJ artifact formula rejected input: OverflowError,afe1e408f8a46aebc15293462480f478ff969923,https://artifacts.iacr.org/files/crypto/2024/crypto-2024-a1.zip,https://artifacts.iacr.org/crypto/2024/a1/,04ae2586fccb10481efb861104176e4aaabb380c3cb9704b97ce3c4768a282cb,Regular-ISD/Concrete numbers/estimates.ipynb,cebb0861f1faa53be59eb4c11a2e38219612e1fc8d39e6cb3ce597e28717c9ec,39159736d43e954c565645c76e0cbe1ac433e92ba1f2dcc8f2ab847af8f89dfc,b0864d27f03d76dd3f0bd660d33c71063ad0380498d1e07dcddc1e2f4907eff9,360e6b6bd8911d132b0d4e41ca61c9f4bffc3b62f0bffb00778795660769a770
2026-08-04,crypto-2024-regular-isd-diagnostic-v1,INTERNAL_ADVISOR_DIAGNOSTIC_NO_SECURITY_PIN,direct_regular_sd_formula,n20_c8_t16,exact live direct: c polynomials; one uniform position/public bucket; iid uniform F_p* payloads,CRYPTO-2024 artifact regular-SD concrete formula; q is absent,DIRECT_RSD_CANDIDATE_FIELD_TRANSFER_UNPROVED,8388608,7340032,128,65536,,p0+p1 (q not an artifact input),not_input,CCJ_linearization,446.991322882746,43.000000000000,{},1048576,10.000000000000,436.991322882746,raw preserved; separate optional -0.5*log2(n) sensitivity only; arbitrary-decoder speedup heuristic,"pass: N=w*b, 0<k<N, k-w>0, finite optimum",yes,stdlib transcription; accepted zip and members verified,artifact expected-work formula including its per-iteration success term where present,artifact log2 storage-cost proxy; unit not specified by notebook,one public sample; orbit generated locally and not materialized,artifact rank/list/independence and source field model; structured negacyclic matrix transfer unproved; q-ary payload transfer unproved,artifact has no q input; transfer from its source model to iid-uniform-F_p-star payloads is unproved,afe1e408f8a46aebc15293462480f478ff969923,https://artifacts.iacr.org/files/crypto/2024/crypto-2024-a1.zip,https://artifacts.iacr.org/crypto/2024/a1/,04ae2586fccb10481efb861104176e4aaabb380c3cb9704b97ce3c4768a282cb,Regular-ISD/Concrete numbers/estimates.ipynb,cebb0861f1faa53be59eb4c11a2e38219612e1fc8d39e6cb3ce597e28717c9ec,39159736d43e954c565645c76e0cbe1ac433e92ba1f2dcc8f2ab847af8f89dfc,b0864d27f03d76dd3f0bd660d33c71063ad0380498d1e07dcddc1e2f4907eff9,53e982a460f0d9daf120e90e617f1c0e92978f8b031cc492436274b849911830
2026-08-04,crypto-2024-regular-isd-diagnostic-v1,INTERNAL_ADVISOR_DIAGNOSTIC_NO_SECURITY_PIN,generic_bjmm_incompatibility,n20_c8_t16,exact live direct RSD with iid uniform F_p* payloads,"artifact calls CryptographicEstimators binary SDEstimator(n,k,w,nsolutions=0)",INCOMPATIBLE_WITH_LIVE_QARY_MODEL,8388608,7340032,128,65536,,p0,4611686018326724609,generic_BJMM_depth_2,,,,1048576,10.000000000000,,no subtraction because no executable raw cost; optional orbit sensitivity remains heuristic,reject: no q parameter and external estimator revision absent,no,IMMUTABLE_ARTIFACT_INCOMPATIBILITY: CryptographicEstimators/Sage dependency has no pinned revision/version,artifact passes nsolutions=0; exact dependency semantics unavailable from archive,"unavailable; known dump rows only, no candidate row",one public sample; q-specific live limb listed explicitly,none silently imported,no BJMM number emitted; installing a current estimator would not reproduce the immutable artifact,afe1e408f8a46aebc15293462480f478ff969923,https://artifacts.iacr.org/files/crypto/2024/crypto-2024-a1.zip,https://artifacts.iacr.org/crypto/2024/a1/,04ae2586fccb10481efb861104176e4aaabb380c3cb9704b97ce3c4768a282cb,Regular-ISD/Concrete numbers/estimates.ipynb,cebb0861f1faa53be59eb4c11a2e38219612e1fc8d39e6cb3ce597e28717c9ec,39159736d43e954c565645c76e0cbe1ac433e92ba1f2dcc8f2ab847af8f89dfc,b0864d27f03d76dd3f0bd660d33c71063ad0380498d1e07dcddc1e2f4907eff9,98a6ddd52b622464d693cd77d43dfaf1eeb4f4e423b72a1ab240a3af7aa2de07
2026-08-04,crypto-2024-regular-isd-diagnostic-v1,INTERNAL_ADVISOR_DIAGNOSTIC_NO_SECURITY_PIN,generic_bjmm_incompatibility,n20_c8_t16,exact live direct RSD with iid uniform F_p* payloads,"artifact calls CryptographicEstimators binary SDEstimator(n,k,w,nsolutions=0)",INCOMPATIBLE_WITH_LIVE_QARY_MODEL,8388608,7340032,128,65536,,p1,4611686018309947393,generic_BJMM_depth_2,,,,1048576,10.000000000000,,no subtraction because no executable raw cost; optional orbit sensitivity remains heuristic,reject: no q parameter and external estimator revision absent,no,IMMUTABLE_ARTIFACT_INCOMPATIBILITY: CryptographicEstimators/Sage dependency has no pinned revision/version,artifact passes nsolutions=0; exact dependency semantics unavailable from archive,"unavailable; known dump rows only, no candidate row",one public sample; q-specific live limb listed explicitly,none silently imported,no BJMM number emitted; installing a current estimator would not reproduce the immutable artifact,afe1e408f8a46aebc15293462480f478ff969923,https://artifacts.iacr.org/files/crypto/2024/crypto-2024-a1.zip,https://artifacts.iacr.org/crypto/2024/a1/,04ae2586fccb10481efb861104176e4aaabb380c3cb9704b97ce3c4768a282cb,Regular-ISD/Concrete numbers/estimates.ipynb,cebb0861f1faa53be59eb4c11a2e38219612e1fc8d39e6cb3ce597e28717c9ec,39159736d43e954c565645c76e0cbe1ac433e92ba1f2dcc8f2ab847af8f89dfc,b0864d27f03d76dd3f0bd660d33c71063ad0380498d1e07dcddc1e2f4907eff9,d6d9e984273631cd4f54892ffb652cbe7b810b57fc15c0f977399839b94cb30b
2026-08-04,crypto-2024-regular-isd-diagnostic-v1,INTERNAL_ADVISOR_DIAGNOSTIC_NO_SECURITY_PIN,projected_fixed_weight_incompatibility,n20_c4_t16,conditioned exact occupancy/cancellation projection at fixed nonzero support W; not regular RSD,generic binary BJMM delegated by artifact; regular formulas require a regular block partition,VALID_FIXED_WEIGHT_DIAGNOSTIC_BUT_ARTIFACT_INCOMPATIBLE,256,192,63,,64,p0,4611686018326724609,generic_BJMM_depth_2,,,,64,3.000000000000,,raw unavailable; separate optional -0.5*log2(d) sensitivity named but never subtracted,fixed-weight combinatorial guard pass: 1<=W=63<=d-1=63; model/dependency guard reject,no,IMMUTABLE_ARTIFACT_INCOMPATIBILITY: unpinned binary estimator and no q input,conditional fixed-weight event only; event probability must be composed separately from exact projection DP,unavailable,one projected public sample; orbit size d,random-code BJMM transfer to structured projected code is unproved,regular-ISD formulas intentionally not called: projected occupancy/cancellation is not RSD; no cost emitted,afe1e408f8a46aebc15293462480f478ff969923,https://artifacts.iacr.org/files/crypto/2024/crypto-2024-a1.zip,https://artifacts.iacr.org/crypto/2024/a1/,04ae2586fccb10481efb861104176e4aaabb380c3cb9704b97ce3c4768a282cb,Regular-ISD/Concrete numbers/estimates.ipynb,cebb0861f1faa53be59eb4c11a2e38219612e1fc8d39e6cb3ce597e28717c9ec,39159736d43e954c565645c76e0cbe1ac433e92ba1f2dcc8f2ab847af8f89dfc,b0864d27f03d76dd3f0bd660d33c71063ad0380498d1e07dcddc1e2f4907eff9,53f87f049eefdcc678172b7d2d8c12a580d91ba96e2320ccb6893a440c8a824d
2026-08-04,crypto-2024-regular-isd-diagnostic-v1,INTERNAL_ADVISOR_DIAGNOSTIC_NO_SECURITY_PIN,projected_fixed_weight_incompatibility,n20_c4_t16,conditioned exact occupancy/cancellation projection at fixed nonzero support W; not regular RSD,generic binary BJMM delegated by artifact; regular formulas require a regular block partition,VALID_FIXED_WEIGHT_DIAGNOSTIC_BUT_ARTIFACT_INCOMPATIBLE,256,192,63,,64,p1,4611686018309947393,generic_BJMM_depth_2,,,,64,3.000000000000,,raw unavailable; separate optional -0.5*log2(d) sensitivity named but never subtracted,fixed-weight combinatorial guard pass: 1<=W=63<=d-1=63; model/dependency guard reject,no,IMMUTABLE_ARTIFACT_INCOMPATIBILITY: unpinned binary estimator and no q input,conditional fixed-weight event only; event probability must be composed separately from exact projection DP,unavailable,one projected public sample; orbit size d,random-code BJMM transfer to structured projected code is unproved,regular-ISD formulas intentionally not called: projected occupancy/cancellation is not RSD; no cost emitted,afe1e408f8a46aebc15293462480f478ff969923,https://artifacts.iacr.org/files/crypto/2024/crypto-2024-a1.zip,https://artifacts.iacr.org/crypto/2024/a1/,04ae2586fccb10481efb861104176e4aaabb380c3cb9704b97ce3c4768a282cb,Regular-ISD/Concrete numbers/estimates.ipynb,cebb0861f1faa53be59eb4c11a2e38219612e1fc8d39e6cb3ce597e28717c9ec,39159736d43e954c565645c76e0cbe1ac433e92ba1f2dcc8f2ab847af8f89dfc,b0864d27f03d76dd3f0bd660d33c71063ad0380498d1e07dcddc1e2f4907eff9,64cd4e0979b41a7107c267601c49d1027d2dc1573a2871bef5e2f6359f3f2c3f
2026-08-04,crypto-2024-regular-isd-diagnostic-v1,INTERNAL_ADVISOR_DIAGNOSTIC_NO_SECURITY_PIN,projected_fixed_weight_incompatibility,n20_c4_t32,conditioned exact occupancy/cancellation projection at fixed nonzero support W; not regular RSD,generic binary BJMM delegated by artifact; regular formulas require a regular block partition,VALID_FIXED_WEIGHT_DIAGNOSTIC_BUT_ARTIFACT_INCOMPATIBLE,256,192,63,,64,p0,4611686018326724609,generic_BJMM_depth_2,,,,64,3.000000000000,,raw unavailable; separate optional -0.5*log2(d) sensitivity named but never subtracted,fixed-weight combinatorial guard pass: 1<=W=63<=d-1=63; model/dependency guard reject,no,IMMUTABLE_ARTIFACT_INCOMPATIBILITY: unpinned binary estimator and no q input,conditional fixed-weight event only; event probability must be composed separately from exact projection DP,unavailable,one projected public sample; orbit size d,random-code BJMM transfer to structured projected code is unproved,regular-ISD formulas intentionally not called: projected occupancy/cancellation is not RSD; no cost emitted,afe1e408f8a46aebc15293462480f478ff969923,https://artifacts.iacr.org/files/crypto/2024/crypto-2024-a1.zip,https://artifacts.iacr.org/crypto/2024/a1/,04ae2586fccb10481efb861104176e4aaabb380c3cb9704b97ce3c4768a282cb,Regular-ISD/Concrete numbers/estimates.ipynb,cebb0861f1faa53be59eb4c11a2e38219612e1fc8d39e6cb3ce597e28717c9ec,39159736d43e954c565645c76e0cbe1ac433e92ba1f2dcc8f2ab847af8f89dfc,b0864d27f03d76dd3f0bd660d33c71063ad0380498d1e07dcddc1e2f4907eff9,6214a3e6147ed1b052cd1508568ed0857d3a113842b3252ce6ce9cae33c665c5
2026-08-04,crypto-2024-regular-isd-diagnostic-v1,INTERNAL_ADVISOR_DIAGNOSTIC_NO_SECURITY_PIN,projected_fixed_weight_incompatibility,n20_c4_t32,conditioned exact occupancy/cancellation projection at fixed nonzero support W; not regular RSD,generic binary BJMM delegated by artifact; regular formulas require a regular block partition,VALID_FIXED_WEIGHT_DIAGNOSTIC_BUT_ARTIFACT_INCOMPATIBLE,256,192,63,,64,p1,4611686018309947393,generic_BJMM_depth_2,,,,64,3.000000000000,,raw unavailable; separate optional -0.5*log2(d) sensitivity named but never subtracted,fixed-weight combinatorial guard pass: 1<=W=63<=d-1=63; model/dependency guard reject,no,IMMUTABLE_ARTIFACT_INCOMPATIBILITY: unpinned binary estimator and no q input,conditional fixed-weight event only; event probability must be composed separately from exact projection DP,unavailable,one projected public sample; orbit size d,random-code BJMM transfer to structured projected code is unproved,regular-ISD formulas intentionally not called: projected occupancy/cancellation is not RSD; no cost emitted,afe1e408f8a46aebc15293462480f478ff969923,https://artifacts.iacr.org/files/crypto/2024/crypto-2024-a1.zip,https://artifacts.iacr.org/crypto/2024/a1/,04ae2586fccb10481efb861104176e4aaabb380c3cb9704b97ce3c4768a282cb,Regular-ISD/Concrete numbers/estimates.ipynb,cebb0861f1faa53be59eb4c11a2e38219612e1fc8d39e6cb3ce597e28717c9ec,39159736d43e954c565645c76e0cbe1ac433e92ba1f2dcc8f2ab847af8f89dfc,b0864d27f03d76dd3f0bd660d33c71063ad0380498d1e07dcddc1e2f4907eff9,e17ab222c553ba57aaf3bd59976a47ec3002a1f76572f25c60f5a0b5a0d0f353
2026-08-04,crypto-2024-regular-isd-diagnostic-v1,INTERNAL_ADVISOR_DIAGNOSTIC_NO_SECURITY_PIN,projected_fixed_weight_incompatibility,n20_c4_t64,conditioned exact occupancy/cancellation projection at fixed nonzero support W; not regular RSD,generic binary BJMM delegated by artifact; regular formulas require a regular block partition,VALID_FIXED_WEIGHT_DIAGNOSTIC_BUT_ARTIFACT_INCOMPATIBLE,256,192,63,,64,p0,4611686018326724609,generic_BJMM_depth_2,,,,64,3.000000000000,,raw unavailable; separate optional -0.5*log2(d) sensitivity named but never subtracted,fixed-weight combinatorial guard pass: 1<=W=63<=d-1=63; model/dependency guard reject,no,IMMUTABLE_ARTIFACT_INCOMPATIBILITY: unpinned binary estimator and no q input,conditional fixed-weight event only; event probability must be composed separately from exact projection DP,unavailable,one projected public sample; orbit size d,random-code BJMM transfer to structured projected code is unproved,regular-ISD formulas intentionally not called: projected occupancy/cancellation is not RSD; no cost emitted,afe1e408f8a46aebc15293462480f478ff969923,https://artifacts.iacr.org/files/crypto/2024/crypto-2024-a1.zip,https://artifacts.iacr.org/crypto/2024/a1/,04ae2586fccb10481efb861104176e4aaabb380c3cb9704b97ce3c4768a282cb,Regular-ISD/Concrete numbers/estimates.ipynb,cebb0861f1faa53be59eb4c11a2e38219612e1fc8d39e6cb3ce597e28717c9ec,39159736d43e954c565645c76e0cbe1ac433e92ba1f2dcc8f2ab847af8f89dfc,b0864d27f03d76dd3f0bd660d33c71063ad0380498d1e07dcddc1e2f4907eff9,1dea625960208f2a58d93c7e25458b74a9f481bd088b010a3adec63ba54360e5
2026-08-04,crypto-2024-regular-isd-diagnostic-v1,INTERNAL_ADVISOR_DIAGNOSTIC_NO_SECURITY_PIN,projected_fixed_weight_incompatibility,n20_c4_t64,conditioned exact occupancy/cancellation projection at fixed nonzero support W; not regular RSD,generic binary BJMM delegated by artifact; regular formulas require a regular block partition,VALID_FIXED_WEIGHT_DIAGNOSTIC_BUT_ARTIFACT_INCOMPATIBLE,256,192,63,,64,p1,4611686018309947393,generic_BJMM_depth_2,,,,64,3.000000000000,,raw unavailable; separate optional -0.5*log2(d) sensitivity named but never subtracted,fixed-weight combinatorial guard pass: 1<=W=63<=d-1=63; model/dependency guard reject,no,IMMUTABLE_ARTIFACT_INCOMPATIBILITY: unpinned binary estimator and no q input,conditional fixed-weight event only; event probability must be composed separately from exact projection DP,unavailable,one projected public sample; orbit size d,random-code BJMM transfer to structured projected code is unproved,regular-ISD formulas intentionally not called: projected occupancy/cancellation is not RSD; no cost emitted,afe1e408f8a46aebc15293462480f478ff969923,https://artifacts.iacr.org/files/crypto/2024/crypto-2024-a1.zip,https://artifacts.iacr.org/crypto/2024/a1/,04ae2586fccb10481efb861104176e4aaabb380c3cb9704b97ce3c4768a282cb,Regular-ISD/Concrete numbers/estimates.ipynb,cebb0861f1faa53be59eb4c11a2e38219612e1fc8d39e6cb3ce597e28717c9ec,39159736d43e954c565645c76e0cbe1ac433e92ba1f2dcc8f2ab847af8f89dfc,b0864d27f03d76dd3f0bd660d33c71063ad0380498d1e07dcddc1e2f4907eff9,82dba5d9588f75d229fcb30df6f93968fc65e642ab72f8b597dcc6b76a3938db
2026-08-04,crypto-2024-regular-isd-diagnostic-v1,INTERNAL_ADVISOR_DIAGNOSTIC_NO_SECURITY_PIN,projected_fixed_weight_incompatibility,n20_c8_t8,conditioned exact occupancy/cancellation projection at fixed nonzero support W; not regular RSD,generic binary BJMM delegated by artifact; regular formulas require a regular block partition,VALID_FIXED_WEIGHT_DIAGNOSTIC_BUT_ARTIFACT_INCOMPATIBLE,512,448,63,,64,p0,4611686018326724609,generic_BJMM_depth_2,,,,64,3.000000000000,,raw unavailable; separate optional -0.5*log2(d) sensitivity named but never subtracted,fixed-weight combinatorial guard pass: 1<=W=63<=d-1=63; model/dependency guard reject,no,IMMUTABLE_ARTIFACT_INCOMPATIBILITY: unpinned binary estimator and no q input,conditional fixed-weight event only; event probability must be composed separately from exact projection DP,unavailable,one projected public sample; orbit size d,random-code BJMM transfer to structured projected code is unproved,regular-ISD formulas intentionally not called: projected occupancy/cancellation is not RSD; no cost emitted,afe1e408f8a46aebc15293462480f478ff969923,https://artifacts.iacr.org/files/crypto/2024/crypto-2024-a1.zip,https://artifacts.iacr.org/crypto/2024/a1/,04ae2586fccb10481efb861104176e4aaabb380c3cb9704b97ce3c4768a282cb,Regular-ISD/Concrete numbers/estimates.ipynb,cebb0861f1faa53be59eb4c11a2e38219612e1fc8d39e6cb3ce597e28717c9ec,39159736d43e954c565645c76e0cbe1ac433e92ba1f2dcc8f2ab847af8f89dfc,b0864d27f03d76dd3f0bd660d33c71063ad0380498d1e07dcddc1e2f4907eff9,f54b6153e22a5c01f4140efbe4fe8c02116d4844b5cb19b0e0d308d57ca368cb
2026-08-04,crypto-2024-regular-isd-diagnostic-v1,INTERNAL_ADVISOR_DIAGNOSTIC_NO_SECURITY_PIN,projected_fixed_weight_incompatibility,n20_c8_t8,conditioned exact occupancy/cancellation projection at fixed nonzero support W; not regular RSD,generic binary BJMM delegated by artifact; regular formulas require a regular block partition,VALID_FIXED_WEIGHT_DIAGNOSTIC_BUT_ARTIFACT_INCOMPATIBLE,512,448,63,,64,p1,4611686018309947393,generic_BJMM_depth_2,,,,64,3.000000000000,,raw unavailable; separate optional -0.5*log2(d) sensitivity named but never subtracted,fixed-weight combinatorial guard pass: 1<=W=63<=d-1=63; model/dependency guard reject,no,IMMUTABLE_ARTIFACT_INCOMPATIBILITY: unpinned binary estimator and no q input,conditional fixed-weight event only; event probability must be composed separately from exact projection DP,unavailable,one projected public sample; orbit size d,random-code BJMM transfer to structured projected code is unproved,regular-ISD formulas intentionally not called: projected occupancy/cancellation is not RSD; no cost emitted,afe1e408f8a46aebc15293462480f478ff969923,https://artifacts.iacr.org/files/crypto/2024/crypto-2024-a1.zip,https://artifacts.iacr.org/crypto/2024/a1/,04ae2586fccb10481efb861104176e4aaabb380c3cb9704b97ce3c4768a282cb,Regular-ISD/Concrete numbers/estimates.ipynb,cebb0861f1faa53be59eb4c11a2e38219612e1fc8d39e6cb3ce597e28717c9ec,39159736d43e954c565645c76e0cbe1ac433e92ba1f2dcc8f2ab847af8f89dfc,b0864d27f03d76dd3f0bd660d33c71063ad0380498d1e07dcddc1e2f4907eff9,86169a6cc7136afe4eeba59d06d1783bbc7443a46dd6611cb2851caef97e5cc2
2026-08-04,crypto-2024-regular-isd-diagnostic-v1,INTERNAL_ADVISOR_DIAGNOSTIC_NO_SECURITY_PIN,projected_fixed_weight_incompatibility,n20_c8_t16,conditioned exact occupancy/cancellation projection at fixed nonzero support W; not regular RSD,generic binary BJMM delegated by artifact; regular formulas require a regular block partition,VALID_FIXED_WEIGHT_DIAGNOSTIC_BUT_ARTIFACT_INCOMPATIBLE,512,448,63,,64,p0,4611686018326724609,generic_BJMM_depth_2,,,,64,3.000000000000,,raw unavailable; separate optional -0.5*log2(d) sensitivity named but never subtracted,fixed-weight combinatorial guard pass: 1<=W=63<=d-1=63; model/dependency guard reject,no,IMMUTABLE_ARTIFACT_INCOMPATIBILITY: unpinned binary estimator and no q input,conditional fixed-weight event only; event probability must be composed separately from exact projection DP,unavailable,one projected public sample; orbit size d,random-code BJMM transfer to structured projected code is unproved,regular-ISD formulas intentionally not called: projected occupancy/cancellation is not RSD; no cost emitted,afe1e408f8a46aebc15293462480f478ff969923,https://artifacts.iacr.org/files/crypto/2024/crypto-2024-a1.zip,https://artifacts.iacr.org/crypto/2024/a1/,04ae2586fccb10481efb861104176e4aaabb380c3cb9704b97ce3c4768a282cb,Regular-ISD/Concrete numbers/estimates.ipynb,cebb0861f1faa53be59eb4c11a2e38219612e1fc8d39e6cb3ce597e28717c9ec,39159736d43e954c565645c76e0cbe1ac433e92ba1f2dcc8f2ab847af8f89dfc,b0864d27f03d76dd3f0bd660d33c71063ad0380498d1e07dcddc1e2f4907eff9,64f804b4dc873c0126d6a277e8599e428e42570e03347b93344eda71a681960a
2026-08-04,crypto-2024-regular-isd-diagnostic-v1,INTERNAL_ADVISOR_DIAGNOSTIC_NO_SECURITY_PIN,projected_fixed_weight_incompatibility,n20_c8_t16,conditioned exact occupancy/cancellation projection at fixed nonzero support W; not regular RSD,generic binary BJMM delegated by artifact; regular formulas require a regular block partition,VALID_FIXED_WEIGHT_DIAGNOSTIC_BUT_ARTIFACT_INCOMPATIBLE,512,448,63,,64,p1,4611686018309947393,generic_BJMM_depth_2,,,,64,3.000000000000,,raw unavailable; separate optional -0.5*log2(d) sensitivity named but never subtracted,fixed-weight combinatorial guard pass: 1<=W=63<=d-1=63; model/dependency guard reject,no,IMMUTABLE_ARTIFACT_INCOMPATIBILITY: unpinned binary estimator and no q input,conditional fixed-weight event only; event probability must be composed separately from exact projection DP,unavailable,one projected public sample; orbit size d,random-code BJMM transfer to structured projected code is unproved,regular-ISD formulas intentionally not called: projected occupancy/cancellation is not RSD; no cost emitted,afe1e408f8a46aebc15293462480f478ff969923,https://artifacts.iacr.org/files/crypto/2024/crypto-2024-a1.zip,https://artifacts.iacr.org/crypto/2024/a1/,04ae2586fccb10481efb861104176e4aaabb380c3cb9704b97ce3c4768a282cb,Regular-ISD/Concrete numbers/estimates.ipynb,cebb0861f1faa53be59eb4c11a2e38219612e1fc8d39e6cb3ce597e28717c9ec,39159736d43e954c565645c76e0cbe1ac433e92ba1f2dcc8f2ab847af8f89dfc,b0864d27f03d76dd3f0bd660d33c71063ad0380498d1e07dcddc1e2f4907eff9,8dded5b195b9f76088c6ebb49093451303e97f3edd16f4292c7c71f3424963de
